ID,Product Name,Vendor Name,Vendor ID,Product URL,Link Status,Price 1 Pack,Price 3 Pack,Price 5 Pack,Price 10 Pack,Price 15 Pack,Price 20 Pack,Price 25 Pack,Price 30 Pack,Price 50 Pack,Price 100 Pack,Currency,Needs Currency Conversion,Price Status,Missing Packs
e54b482a-272d-4138-9be4-5e61994c4df0,Tropical Mix - 7 flavors,Snusifer,5085,https://snusifer.com/product/fruity-mix/,OK,25.46,N/A,N/A,N/A,381.90,N/A,N/A,N/A,N/A,N/A,EUR,Yes,MISSING_10PACK,3pack; 5pack; 10pack; 20pack; 25pack; 30pack; 50pack; 100pack
af3722a1-b013-48c6-acbb-3e13e756b3da,Nico-Free Mix,Snusifer,5085,https://snusifer.com/product/nico-free-mix/,OK,29.71,N/A,N/A,N/A,445.65,N/A,N/A,N/A,N/A,N/A,EUR,Yes,MISSING_10PACK,3pack; 5pack; 10pack; 20pack; 25pack; 30pack; 50pack; 100pack
0ad1b05a-551a-44e9-89a9-8d68c983c88b,Minty Mix,Snusifer,5085,https://snusifer.com/product/minty-mix/,OK,22.91,N/A,N/A,N/A,343.65,N/A,N/A,N/A,N/A,N/A,EUR,Yes,MISSING_10PACK,3pack; 5pack; 10pack; 20pack; 25pack; 30pack; 50pack; 100pack
554bbac3-c9a8-4ed8-80fd-08d96e09aecf,Onico Pure White Slim - Nico-Free,Snusifer,5085,https://snusifer.com/product/onico-pure-white/,OK,5.09,N/A,N/A,N/A,76.35,N/A,N/A,N/A,N/A,N/A,EUR,Yes,MISSING_10PACK,3pack; 5pack; 10pack; 20pack; 25pack; 30pack; 50pack; 100pack
82e74e22-8bb0-49fd-8a39-049a346309ad,Onico Original - Nico-Free,Snusifer,5085,https://snusifer.com/product/onico-original/,OK,5.09,N/A,N/A,N/A,76.35,N/A,N/A,N/A,N/A,N/A,EUR,Yes,MISSING_10PACK,3pack; 5pack; 10pack; 20pack; 25pack; 30pack; 50pack; 100pack
0e7e02fd-e7d9-481f-83e1-9ca90d734157,Velo Watermelon Ice [14 mg],Emeraldpods,9,https://emeraldpods.ie/product/velo-watermelon-ice-14-mg,OK,N/A,N/A,N/A,N/A,N/A,N/A,N/A,N/A,N/A,N/A,EUR,Yes,NO_PRICES,1pack; 3pack; 5pack; 10pack; 15pack; 20pack; 25pack; 30pack; 50pack; 100pack
af118939-7a7f-4444-9f2b-47feb3848259,Velo Icy Cherry [14 mg],Emeraldpods,9,https://emeraldpods.ie/product/velo-icy-cherry-14-mg,OK,N/A,N/A,N/A,N/A,N/A,N/A,N/A,N/A,N/A,N/A,EUR,Yes,NO_PRICES,1pack; 3pack; 5pack; 10pack; 15pack; 20pack; 25pack; 30pack; 50pack; 100pack
0861e3ee-fac5-4486-9cdb-b3506448543a,Velo Lime Flame [14 mg],Emeraldpods,9,https://emeraldpods.ie/product/velo-lime-flame-14-mg,OK,N/A,N/A,N/A,N/A,N/A,N/A,N/A,N/A,N/A,N/A,EUR,Yes,NO_PRICES,1pack; 3pack; 5pack; 10pack; 15pack; 20pack; 25pack; 30pack; 50pack; 100pack
4574e43d-fe90-4bd3-9dac-0ab6aeb606ed,Velo Mango Flame [14 mg],Emeraldpods,9,https://emeraldpods.ie/product/velo-mango-flame-14-mg,OK,N/A,N/A,N/A,N/A,N/A,N/A,N/A,N/A,N/A,N/A,EUR,Yes,NO_PRICES,1pack; 3pack; 5pack; 10pack; 15pack; 20pack; 25pack; 30pack; 50pack; 100pack
0e4cb462-15d4-43d9-a14a-45e457145b3b,Velo Strawberry Ice [14 mg],Emeraldpods,9,https://emeraldpods.ie/product/velo-strawberry-ice-14-mg,OK,N/A,N/A,N/A,N/A,N/A,N/A,N/A,N/A,N/A,N/A,EUR,Yes,NO_PRICES,1pack; 3pack; 5pack; 10pack; 15pack; 20pack; 25pack; 30pack; 50pack; 100pack
9f1bb028-16cf-42a5-9034-e85dc1508b22,Velo Icy Berries [14 mg],Emeraldpods,9,https://emeraldpods.ie/product/velo-icy-berries-14-mg,OK,N/A,N/A,N/A,N/A,N/A,N/A,N/A,N/A,N/A,N/A,EUR,Yes,NO_PRICES,1pack; 3pack; 5pack; 10pack; 15pack; 20pack; 25pack; 30pack; 50pack; 100pack
cdb8ab29-3287-4e24-b97d-547330f586a4,Velo Watermelon Ice [14 mg],Emeraldpods,9,https://emeraldpods.ie/product/velo-watermelon-ice-14-mg,OK,N/A,N/A,N/A,N/A,N/A,N/A,N/A,N/A,N/A,N/A,EUR,Yes,NO_PRICES,1pack; 3pack; 5pack; 10pack; 15pack; 20pack; 25pack; 30pack; 50pack; 100pack
33e174a4-e854-48c5-9bc0-8663f62fb7bc,Velo Icy Cherry [14 mg],Emeraldpods,9,https://emeraldpods.ie/product/velo-icy-cherry-14-mg,OK,N/A,N/A,N/A,N/A,N/A,N/A,N/A,N/A,N/A,N/A,EUR,Yes,NO_PRICES,1pack; 3pack; 5pack; 10pack; 15pack; 20pack; 25pack; 30pack; 50pack; 100pack
299403ff-1f12-45e4-b1b9-6df3845e00c5,Velo Lime Flame [14 mg],Emeraldpods,9,https://emeraldpods.ie/product/velo-lime-flame-14-mg,OK,N/A,N/A,N/A,N/A,N/A,N/A,N/A,N/A,N/A,N/A,EUR,Yes,NO_PRICES,1pack; 3pack; 5pack; 10pack; 15pack; 20pack; 25pack; 30pack; 50pack; 100pack
14b3e09b-cc0b-4e4d-bbb3-d9c1270b7716,Velo Mango Flame [14 mg],Emeraldpods,9,https://emeraldpods.ie/product/velo-mango-flame-14-mg,OK,N/A,N/A,N/A,N/A,N/A,N/A,N/A,N/A,N/A,N/A,EUR,Yes,NO_PRICES,1pack; 3pack; 5pack; 10pack; 15pack; 20pack; 25pack; 30pack; 50pack; 100pack
0c1f0b23-a1ea-496a-8137-6fa100c56c63,Velo Strawberry Ice [14 mg],Emeraldpods,9,https://emeraldpods.ie/product/velo-strawberry-ice-14-mg,OK,N/A,N/A,N/A,N/A,N/A,N/A,N/A,N/A,N/A,N/A,EUR,Yes,NO_PRICES,1pack; 3pack; 5pack; 10pack; 15pack; 20pack; 25pack; 30pack; 50pack; 100pack
2746eef5-0dfc-4a70-8590-9e6412e8dfc4,Velo Icy Berries [14 mg],Emeraldpods,9,https://emeraldpods.ie/product/velo-icy-berries-14-mg,OK,N/A,N/A,N/A,N/A,N/A,N/A,N/A,N/A,N/A,N/A,EUR,Yes,NO_PRICES,1pack; 3pack; 5pack; 10pack; 15pack; 20pack; 25pack; 30pack; 50pack; 100pack
f08d99c0-0e9d-4050-b025-605806cc3e59,Rebel Wild Fruit Strong [16 mg],Emeraldpods,9,https://emeraldpods.ie/product/rebel-wild-fruit-strong-16-mg,OK,N/A,N/A,N/A,N/A,N/A,N/A,N/A,N/A,N/A,N/A,EUR,Yes,NO_PRICES,1pack; 3pack; 5pack; 10pack; 15pack; 20pack; 25pack; 30pack; 50pack; 100pack
01e548aa-7d4f-4a67-b7d8-aee128777c50,Siberia Slim [33 mg],Emeraldpods,9,https://emeraldpods.ie/product/siberia-slim-33-mg,OK,N/A,N/A,N/A,N/A,N/A,N/A,N/A,N/A,N/A,N/A,EUR,Yes,NO_PRICES,1pack; 3pack; 5pack; 10pack; 15pack; 20pack; 25pack; 30pack; 50pack; 100pack
c4d86696-2b44-4b10-9cf9-17ad719268f3,Rebel Ice Mint Strong [16 mg],Emeraldpods,9,https://emeraldpods.ie/product/rebel-ice-mint-strong-16-mg,OK,N/A,N/A,N/A,N/A,N/A,N/A,N/A,N/A,N/A,N/A,EUR,Yes,NO_PRICES,1pack; 3pack; 5pack; 10pack; 15pack; 20pack; 25pack; 30pack; 50pack; 100pack
b68d44f9-17e0-49cb-ba48-05d7b76f2c66,Rebel Crisp Citrus Strong [16 mg],Emeraldpods,9,https://emeraldpods.ie/product/rebel-crisp-citrus-strong-16-mg,OK,N/A,N/A,N/A,N/A,N/A,N/A,N/A,N/A,N/A,N/A,EUR,Yes,NO_PRICES,1pack; 3pack; 5pack; 10pack; 15pack; 20pack; 25pack; 30pack; 50pack; 100pack
6c12da55-8efe-4522-82d4-5915da7c48ca,Rebel Crisp Citrus Strong [16 mg],Emeraldpods,9,https://emeraldpods.ie/product/rebel-crisp-citrus-strong-16-mg,OK,N/A,N/A,N/A,N/A,N/A,N/A,N/A,N/A,N/A,N/A,EUR,Yes,NO_PRICES,1pack; 3pack; 5pack; 10pack; 15pack; 20pack; 25pack; 30pack; 50pack; 100pack
6ff52c0a-d552-4780-ae83-2ea954845092,Rebel Wild Fruit Strong [16 mg],Emeraldpods,9,https://emeraldpods.ie/product/rebel-wild-fruit-strong-16-mg,OK,N/A,N/A,N/A,N/A,N/A,N/A,N/A,N/A,N/A,N/A,EUR,Yes,NO_PRICES,1pack; 3pack; 5pack; 10pack; 15pack; 20pack; 25pack; 30pack; 50pack; 100pack
60635a57-8cd7-45cb-9042-71e41e8be98b,Rebel Zesty Lime Strong [16 mg],Emeraldpods,9,https://emeraldpods.ie/product/rebel-zesty-lime-strong-16-mg,OK,N/A,N/A,N/A,N/A,N/A,N/A,N/A,N/A,N/A,N/A,EUR,Yes,NO_PRICES,1pack; 3pack; 5pack; 10pack; 15pack; 20pack; 25pack; 30pack; 50pack; 100pack
9a15e968-3178-4ba1-93db-791bd2c95d54,Siberia Original All White [33 mg],Emeraldpods,9,https://emeraldpods.ie/product/siberia-original-all-white-33-mg,OK,N/A,N/A,N/A,N/A,N/A,N/A,N/A,N/A,N/A,N/A,EUR,Yes,NO_PRICES,1pack; 3pack; 5pack; 10pack; 15pack; 20pack; 25pack; 30pack; 50pack; 100pack
3f30fc8b-2d41-4a62-8d0f-eface120f39f,Rebel Zesty Lime Strong [16 mg],Emeraldpods,9,https://emeraldpods.ie/product/rebel-zesty-lime-strong-16-mg,OK,N/A,N/A,N/A,N/A,N/A,N/A,N/A,N/A,N/A,N/A,EUR,Yes,NO_PRICES,1pack; 3pack; 5pack; 10pack; 15pack; 20pack; 25pack; 30pack; 50pack; 100pack
ef77ce6a-1429-4f39-8622-99e00b04aba1,Siberia Original All White [33 mg],Emeraldpods,9,https://emeraldpods.ie/product/siberia-original-all-white-33-mg,OK,N/A,N/A,N/A,N/A,N/A,N/A,N/A,N/A,N/A,N/A,EUR,Yes,NO_PRICES,1pack; 3pack; 5pack; 10pack; 15pack; 20pack; 25pack; 30pack; 50pack; 100pack
2ce77134-6a55-44f8-bb2c-4383745fcf81,Siberia Slim [33 mg],Emeraldpods,9,https://emeraldpods.ie/product/siberia-slim-33-mg,OK,N/A,N/A,N/A,N/A,N/A,N/A,N/A,N/A,N/A,N/A,EUR,Yes,NO_PRICES,1pack; 3pack; 5pack; 10pack; 15pack; 20pack; 25pack; 30pack; 50pack; 100pack
ecdcc006-64d1-4865-ae90-c9fe2af9e878,Rebel Juicy Grape Strong [16 mg],Emeraldpods,9,https://emeraldpods.ie/product/rebel-juicy-grape-strong-16-mg,OK,N/A,N/A,N/A,N/A,N/A,N/A,N/A,N/A,N/A,N/A,EUR,Yes,NO_PRICES,1pack; 3pack; 5pack; 10pack; 15pack; 20pack; 25pack; 30pack; 50pack; 100pack
ff3275a5-4dda-4ba9-a7fb-4ecf4d272729,Rebel Ice Mint Strong [16 mg],Emeraldpods,9,https://emeraldpods.ie/product/rebel-ice-mint-strong-16-mg,OK,N/A,N/A,N/A,N/A,N/A,N/A,N/A,N/A,N/A,N/A,EUR,Yes,NO_PRICES,1pack; 3pack; 5pack; 10pack; 15pack; 20pack; 25pack; 30pack; 50pack; 100pack
9ea13a3c-a585-4444-a232-de0e2e415ee5,Rebel Juicy Grape Strong [16 mg],Emeraldpods,9,https://emeraldpods.ie/product/rebel-juicy-grape-strong-16-mg,OK,N/A,N/A,N/A,N/A,N/A,N/A,N/A,N/A,N/A,N/A,EUR,Yes,NO_PRICES,1pack; 3pack; 5pack; 10pack; 15pack; 20pack; 25pack; 30pack; 50pack; 100pack
d3aa1748-f9ff-4f18-b28d-25eeb875354c,Velo Watermelon Ice [14 mg],Snus Vikings,69754,https://emeraldpods.ie/product/velo-watermelon-ice-14-mg,OK,N/A,N/A,N/A,N/A,N/A,N/A,N/A,N/A,N/A,N/A,GBP,No,NO_PRICES,1pack; 3pack; 5pack; 10pack; 15pack; 20pack; 25pack; 30pack; 50pack; 100pack
748aeff0-f5ed-462a-a51e-9cbfa65c2410,Velo Lime Flame [14 mg],Snus Vikings,69754,https://emeraldpods.ie/product/velo-lime-flame-14-mg,OK,N/A,N/A,N/A,N/A,N/A,N/A,N/A,N/A,N/A,N/A,GBP,No,NO_PRICES,1pack; 3pack; 5pack; 10pack; 15pack; 20pack; 25pack; 30pack; 50pack; 100pack
443462bc-0902-4682-8a9e-e15e0c1d90f9,Velo Strawberry Ice [14 mg],Snus Vikings,69754,https://emeraldpods.ie/product/velo-strawberry-ice-14-mg,OK,N/A,N/A,N/A,N/A,N/A,N/A,N/A,N/A,N/A,N/A,GBP,No,NO_PRICES,1pack; 3pack; 5pack; 10pack; 15pack; 20pack; 25pack; 30pack; 50pack; 100pack
8eb01a85-7002-417f-857c-a1a3a58cf723,Supreme Fruit Juice [50 mg],Snus Vikings,69754,https://emeraldpods.ie/product/supreme-fruit-juice-50-mg,OK,N/A,N/A,N/A,N/A,N/A,N/A,N/A,N/A,N/A,N/A,GBP,No,NO_PRICES,1pack; 3pack; 5pack; 10pack; 15pack; 20pack; 25pack; 30pack; 50pack; 100pack
a0ce32c5-3b35-4e8f-b895-30abf9aab450,Rebel Zesty Lime Strong [16 mg],Snus Vikings,69754,https://emeraldpods.ie/product/rebel-zesty-lime-strong-16-mg,OK,N/A,N/A,N/A,N/A,N/A,N/A,N/A,N/A,N/A,N/A,GBP,No,NO_PRICES,1pack; 3pack; 5pack; 10pack; 15pack; 20pack; 25pack; 30pack; 50pack; 100pack
c79f0fc3-b1e9-432b-b7f5-5dacf9ab8af9,Siberia Slim [33 mg],Snus Vikings,69754,https://emeraldpods.ie/product/siberia-slim-33-mg,OK,N/A,N/A,N/A,N/A,N/A,N/A,N/A,N/A,N/A,N/A,GBP,No,NO_PRICES,1pack; 3pack; 5pack; 10pack; 15pack; 20pack; 25pack; 30pack; 50pack; 100pack
5a7fbdfe-ea2f-4c98-9bf5-4b3548d29bb3,Rebel Ice Mint Strong [16 mg],Snus Vikings,69754,https://emeraldpods.ie/product/rebel-ice-mint-strong-16-mg,OK,N/A,N/A,N/A,N/A,N/A,N/A,N/A,N/A,N/A,N/A,GBP,No,NO_PRICES,1pack; 3pack; 5pack; 10pack; 15pack; 20pack; 25pack; 30pack; 50pack; 100pack
8336f773-702c-41f0-abc7-b89802144844,Rebel Crisp Citrus Strong [16 mg],Snus Vikings,69754,https://emeraldpods.ie/product/rebel-crisp-citrus-strong-16-mg,OK,N/A,N/A,N/A,N/A,N/A,N/A,N/A,N/A,N/A,N/A,GBP,No,NO_PRICES,1pack; 3pack; 5pack; 10pack; 15pack; 20pack; 25pack; 30pack; 50pack; 100pack
bb8d624e-5620-434a-bf1c-71e5f28d46f5,Velo Watermelon Ice [14 mg],Emeraldpods,9,https://emeraldpods.ie/product/velo-watermelon-ice-14-mg,OK,N/A,N/A,N/A,N/A,N/A,N/A,N/A,N/A,N/A,N/A,EUR,Yes,NO_PRICES,1pack; 3pack; 5pack; 10pack; 15pack; 20pack; 25pack; 30pack; 50pack; 100pack
aebca27f-bdc8-435d-96a6-c462c49f6b37,Velo Lime Flame [14 mg],Emeraldpods,9,https://emeraldpods.ie/product/velo-lime-flame-14-mg,OK,N/A,N/A,N/A,N/A,N/A,N/A,N/A,N/A,N/A,N/A,EUR,Yes,NO_PRICES,1pack; 3pack; 5pack; 10pack; 15pack; 20pack; 25pack; 30pack; 50pack; 100pack
e0bf4e03-0a61-428e-b6ce-9ba3f416280d,Velo Strawberry Ice [14 mg],Emeraldpods,9,https://emeraldpods.ie/product/velo-strawberry-ice-14-mg,OK,N/A,N/A,N/A,N/A,N/A,N/A,N/A,N/A,N/A,N/A,EUR,Yes,NO_PRICES,1pack; 3pack; 5pack; 10pack; 15pack; 20pack; 25pack; 30pack; 50pack; 100pack
6177298a-35d9-49fd-826e-31abddd0de1b,Rebel Zesty Lime Strong [16 mg],Emeraldpods,9,https://emeraldpods.ie/product/rebel-zesty-lime-strong-16-mg,OK,N/A,N/A,N/A,N/A,N/A,N/A,N/A,N/A,N/A,N/A,EUR,Yes,NO_PRICES,1pack; 3pack; 5pack; 10pack; 15pack; 20pack; 25pack; 30pack; 50pack; 100pack
a3215095-fd16-4e40-b923-cd63e75e4f49,Siberia Slim [33 mg],Emeraldpods,9,https://emeraldpods.ie/product/siberia-slim-33-mg,OK,N/A,N/A,N/A,N/A,N/A,N/A,N/A,N/A,N/A,N/A,EUR,Yes,NO_PRICES,1pack; 3pack; 5pack; 10pack; 15pack; 20pack; 25pack; 30pack; 50pack; 100pack
edec4e01-3481-46db-8fae-1be2b9ca848a,Rebel Ice Mint Strong [16 mg],Emeraldpods,9,https://emeraldpods.ie/product/rebel-ice-mint-strong-16-mg,OK,N/A,N/A,N/A,N/A,N/A,N/A,N/A,N/A,N/A,N/A,EUR,Yes,NO_PRICES,1pack; 3pack; 5pack; 10pack; 15pack; 20pack; 25pack; 30pack; 50pack; 100pack
528e1fd0-31f2-4840-a9b9-0aa8bb62be43,Velo Icy Cherry [14 mg],Snus Vikings,69754,https://emeraldpods.ie/product/velo-icy-cherry-14-mg,OK,N/A,N/A,N/A,N/A,N/A,N/A,N/A,N/A,N/A,N/A,GBP,No,NO_PRICES,1pack; 3pack; 5pack; 10pack; 15pack; 20pack; 25pack; 30pack; 50pack; 100pack
0c72b9c6-9235-46ab-b332-903ce650a861,Velo Mango Flame [14 mg],Snus Vikings,69754,https://emeraldpods.ie/product/velo-mango-flame-14-mg,OK,N/A,N/A,N/A,N/A,N/A,N/A,N/A,N/A,N/A,N/A,GBP,No,NO_PRICES,1pack; 3pack; 5pack; 10pack; 15pack; 20pack; 25pack; 30pack; 50pack; 100pack
73c9bdd3-3cf9-47ec-a518-67456db8c961,Supreme Summer Explosion [50 mg],Snus Vikings,69754,https://emeraldpods.ie/product/supreme-summer-explosion-50-mg,OK,N/A,N/A,N/A,N/A,N/A,N/A,N/A,N/A,N/A,N/A,GBP,No,NO_PRICES,1pack; 3pack; 5pack; 10pack; 15pack; 20pack; 25pack; 30pack; 50pack; 100pack
d7350d11-272f-4201-bef5-689e50be832e,Velo Icy Berries [14 mg],Snus Vikings,69754,https://emeraldpods.ie/product/velo-icy-berries-14-mg,OK,N/A,N/A,N/A,N/A,N/A,N/A,N/A,N/A,N/A,N/A,GBP,No,NO_PRICES,1pack; 3pack; 5pack; 10pack; 15pack; 20pack; 25pack; 30pack; 50pack; 100pack
c661278a-51d6-4572-aee2-13c4a24a5ca7,Rebel Wild Fruit Strong [16 mg],Snus Vikings,69754,https://emeraldpods.ie/product/rebel-wild-fruit-strong-16-mg,OK,N/A,N/A,N/A,N/A,N/A,N/A,N/A,N/A,N/A,N/A,GBP,No,NO_PRICES,1pack; 3pack; 5pack; 10pack; 15pack; 20pack; 25pack; 30pack; 50pack; 100pack
8cdd77a9-ea0e-46d8-9266-43dd3596d907,Siberia Original All White [33 mg],Snus Vikings,69754,https://emeraldpods.ie/product/siberia-original-all-white-33-mg,OK,N/A,N/A,N/A,N/A,N/A,N/A,N/A,N/A,N/A,N/A,GBP,No,NO_PRICES,1pack; 3pack; 5pack; 10pack; 15pack; 20pack; 25pack; 30pack; 50pack; 100pack
db823f2b-e71f-4bfd-a1e2-b281891b3429,Rebel Juicy Grape Strong [16 mg],Snus Vikings,69754,https://emeraldpods.ie/product/rebel-juicy-grape-strong-16-mg,OK,N/A,N/A,N/A,N/A,N/A,N/A,N/A,N/A,N/A,N/A,GBP,No,NO_PRICES,1pack; 3pack; 5pack; 10pack; 15pack; 20pack; 25pack; 30pack; 50pack; 100pack
e9bf6cc8-39a5-44ce-ad23-912c34b8ca56,Pablo Liquorice [50 mg],Snus Vikings,69754,https://emeraldpods.ie/product/pablo-liquorice-50-mg,OK,N/A,N/A,N/A,N/A,N/A,N/A,N/A,N/A,N/A,N/A,GBP,No,NO_PRICES,1pack; 3pack; 5pack; 10pack; 15pack; 20pack; 25pack; 30pack; 50pack; 100pack
bb768d48-cfa3-4946-a64b-7e2eb035a83e,Velo Icy Cherry [14 mg],Emeraldpods,9,https://emeraldpods.ie/product/velo-icy-cherry-14-mg,OK,N/A,N/A,N/A,N/A,N/A,N/A,N/A,N/A,N/A,N/A,EUR,Yes,NO_PRICES,1pack; 3pack; 5pack; 10pack; 15pack; 20pack; 25pack; 30pack; 50pack; 100pack
e5a59b8d-9ff9-4e54-9ce5-864912e02a19,Velo Mango Flame [14 mg],Emeraldpods,9,https://emeraldpods.ie/product/velo-mango-flame-14-mg,OK,N/A,N/A,N/A,N/A,N/A,N/A,N/A,N/A,N/A,N/A,EUR,Yes,NO_PRICES,1pack; 3pack; 5pack; 10pack; 15pack; 20pack; 25pack; 30pack; 50pack; 100pack
2e079ca1-e916-4a54-9bea-015587652afa,Velo Icy Berries [14 mg],Emeraldpods,9,https://emeraldpods.ie/product/velo-icy-berries-14-mg,OK,N/A,N/A,N/A,N/A,N/A,N/A,N/A,N/A,N/A,N/A,EUR,Yes,NO_PRICES,1pack; 3pack; 5pack; 10pack; 15pack; 20pack; 25pack; 30pack; 50pack; 100pack
9cb6f01c-d64d-4ee6-a37e-0f4aa3c437b5,Rebel Wild Fruit Strong [16 mg],Emeraldpods,9,https://emeraldpods.ie/product/rebel-wild-fruit-strong-16-mg,OK,N/A,N/A,N/A,N/A,N/A,N/A,N/A,N/A,N/A,N/A,EUR,Yes,NO_PRICES,1pack; 3pack; 5pack; 10pack; 15pack; 20pack; 25pack; 30pack; 50pack; 100pack
5749595c-864a-4bd7-9fc7-3ed9171bb57c,Siberia Original All White [33 mg],Emeraldpods,9,https://emeraldpods.ie/product/siberia-original-all-white-33-mg,OK,N/A,N/A,N/A,N/A,N/A,N/A,N/A,N/A,N/A,N/A,EUR,Yes,NO_PRICES,1pack; 3pack; 5pack; 10pack; 15pack; 20pack; 25pack; 30pack; 50pack; 100pack
1bdf2060-f200-47fa-9e34-f01b732275fc,Rebel Juicy Grape Strong [16 mg],Emeraldpods,9,https://emeraldpods.ie/product/rebel-juicy-grape-strong-16-mg,OK,N/A,N/A,N/A,N/A,N/A,N/A,N/A,N/A,N/A,N/A,EUR,Yes,NO_PRICES,1pack; 3pack; 5pack; 10pack; 15pack; 20pack; 25pack; 30pack; 50pack; 100pack
42b228fb-c222-4729-be87-5f61129d2d8a,Pablo Gingerbread [50 mg],Emeraldpods,9,https://emeraldpods.ie/product/pablo-gingerbread-50-mg,OK,N/A,N/A,N/A,N/A,N/A,N/A,N/A,N/A,N/A,N/A,EUR,Yes,NO_PRICES,1pack; 3pack; 5pack; 10pack; 15pack; 20pack; 25pack; 30pack; 50pack; 100pack
ed4a44d3-d23f-4572-bbf3-092c9b83bba5,Niccos Freeze Caffeine Pouches [100 mg],Emeraldpods,9,https://emeraldpods.ie/product/niccos-freeze-caffeine-pouches-100-mg,OK,N/A,N/A,N/A,N/A,N/A,N/A,N/A,N/A,N/A,N/A,EUR,Yes,NO_PRICES,1pack; 3pack; 5pack; 10pack; 15pack; 20pack; 25pack; 30pack; 50pack; 100pack
ed1d4d9f-d982-4321-81c7-86c7186c9d38,Rebel Crisp Citrus Strong [16 mg],Emeraldpods,9,https://emeraldpods.ie/product/rebel-crisp-citrus-strong-16-mg,OK,N/A,N/A,N/A,N/A,N/A,N/A,N/A,N/A,N/A,N/A,EUR,Yes,NO_PRICES,1pack; 3pack; 5pack; 10pack; 15pack; 20pack; 25pack; 30pack; 50pack; 100pack
caec92c1-012b-42a5-9cd9-fbdc4db46995,Pablo Glogg [50 mg],Emeraldpods,9,https://emeraldpods.ie/product/pablo-glogg-50-mg,OK,N/A,N/A,N/A,N/A,N/A,N/A,N/A,N/A,N/A,N/A,EUR,Yes,NO_PRICES,1pack; 3pack; 5pack; 10pack; 15pack; 20pack; 25pack; 30pack; 50pack; 100pack
29fec19a-aa53-482f-82e3-27afc8deaa66,Killa Gingerbread [16 mg],Emeraldpods,9,https://emeraldpods.ie/product/killa-gingerbread-16-mg,OK,N/A,N/A,N/A,N/A,N/A,N/A,N/A,N/A,N/A,N/A,EUR,Yes,NO_PRICES,1pack; 3pack; 5pack; 10pack; 15pack; 20pack; 25pack; 30pack; 50pack; 100pack
1e0e3c6c-f896-4fab-9fb2-c6e4f04bafdf,Greatest Cold Dry 16mg,Emeraldpods,9,https://emeraldpods.ie/product/greatest-cold-dry-16mg,OK,N/A,N/A,N/A,N/A,N/A,N/A,N/A,N/A,N/A,N/A,EUR,Yes,NO_PRICES,1pack; 3pack; 5pack; 10pack; 15pack; 20pack; 25pack; 30pack; 50pack; 100pack
6fe6fc5e-90d6-4581-88e7-d80a3aea8f39,Greatest Cold Dry [8 mg],Emeraldpods,9,https://emeraldpods.ie/product/greatest-cold-dry-8-mg,OK,N/A,N/A,N/A,N/A,N/A,N/A,N/A,N/A,N/A,N/A,EUR,Yes,NO_PRICES,1pack; 3pack; 5pack; 10pack; 15pack; 20pack; 25pack; 30pack; 50pack; 100pack
f7c196a8-51c9-41d8-a8ae-08261d1ad7de,Killa Glogg [16 mg],Emeraldpods,9,https://emeraldpods.ie/product/killa-glogg-16-mg,OK,N/A,N/A,N/A,N/A,N/A,N/A,N/A,N/A,N/A,N/A,EUR,Yes,NO_PRICES,1pack; 3pack; 5pack; 10pack; 15pack; 20pack; 25pack; 30pack; 50pack; 100pack
a6bf0189-df72-4830-8bee-49b549e7c292,Killa 13 [16 mg],Emeraldpods,9,https://emeraldpods.ie/product/killa-13-16-mg,OK,N/A,N/A,N/A,N/A,N/A,N/A,N/A,N/A,N/A,N/A,EUR,Yes,NO_PRICES,1pack; 3pack; 5pack; 10pack; 15pack; 20pack; 25pack; 30pack; 50pack; 100pack
4d1f4342-277b-4a20-91bb-0c7c744a2743,Greatest Cold Dry XL [16 mg],Emeraldpods,9,https://emeraldpods.ie/product/greatest-cold-dry-xl-16-mg,OK,N/A,N/A,N/A,N/A,N/A,N/A,N/A,N/A,N/A,N/A,EUR,Yes,NO_PRICES,1pack; 3pack; 5pack; 10pack; 15pack; 20pack; 25pack; 30pack; 50pack; 100pack
6af95ffb-47dc-403a-baa4-ead2a4ae9eb9,Greatest Mega Can [16 mg],Emeraldpods,9,https://emeraldpods.ie/product/greatest-mega-can-16-mg,OK,N/A,N/A,N/A,N/A,N/A,N/A,N/A,N/A,N/A,N/A,EUR,Yes,NO_PRICES,1pack; 3pack; 5pack; 10pack; 15pack; 20pack; 25pack; 30pack; 50pack; 100pack
b1158c15-2983-460a-a28a-2819594858d5,Nordic Spirit UK Blueberry Slim Strong,Northerner UK,46526,https://www.northerner.com/uk/nordic-spirit/nordic-spirit-uk-blueberry-slim-strong,OK,4.99,10,22.45,37.9,N/A,N/A,N/A,N/A,N/A,N/A,GBP,No,MISSING_15PACK,15pack; 20pack; 25pack; 30pack; 50pack; 100pack
10f90ac5-4f25-4fa2-9d26-24fc42822a86,Loop Mixpack,Northerner UK,46526,https://www.northerner.com/uk/loop/loop-mixpack,OK,N/A,N/A,N/A,N/A,N/A,N/A,N/A,N/A,N/A,N/A,GBP,No,NO_PRICES,1pack; 3pack; 5pack; 10pack; 15pack; 20pack; 25pack; 30pack; 50pack; 100pack
174ea0f4-54fc-4da1-8853-21a41b63728c,XQS Variety Mixpack,Northerner UK,46526,https://www.northerner.com/uk/xqs/xqs-variety-mixpack,OK,N/A,N/A,N/A,N/A,N/A,N/A,N/A,N/A,N/A,N/A,GBP,No,NO_PRICES,1pack; 3pack; 5pack; 10pack; 15pack; 20pack; 25pack; 30pack; 50pack; 100pack
8463d09e-3f50-4e14-a11e-4c2dee2e09bd,Ace Mixpack 3-pack,Northerner UK,46526,https://www.northerner.com/uk/ace-superwhite/ace-mixpack-3-pack,OK,N/A,N/A,N/A,N/A,N/A,N/A,N/A,N/A,N/A,N/A,GBP,No,NO_PRICES,1pack; 3pack; 5pack; 10pack; 15pack; 20pack; 25pack; 30pack; 50pack; 100pack
f1f1deac-ed0c-4db0-8f0d-6dc174dca3c6,On! Variety Mixpack,Northerner UK,46526,https://www.northerner.com/uk/on/on-variety-mixpack,OK,N/A,N/A,N/A,N/A,N/A,N/A,N/A,N/A,N/A,N/A,GBP,No,NO_PRICES,1pack; 3pack; 5pack; 10pack; 15pack; 20pack; 25pack; 30pack; 50pack; 100pack
b2d8ecaa-c203-4228-8fb4-baa38124639f,Après Extra Strong Duo Mixpack,Northerner UK,46526,https://www.northerner.com/uk/apres/apres-extra-strong-duo-mixpack,OK,N/A,N/A,N/A,N/A,N/A,N/A,N/A,N/A,N/A,N/A,GBP,No,NO_PRICES,1pack; 3pack; 5pack; 10pack; 15pack; 20pack; 25pack; 30pack; 50pack; 100pack
5ca6457f-c0aa-4495-a290-1402be58a385,Ace X Strong Superwhite Mixpack,Northerner UK,46526,https://www.northerner.com/uk/ace-superwhite/ace-x-strong-superwhite-mixpack,OK,N/A,N/A,N/A,N/A,N/A,N/A,N/A,N/A,N/A,N/A,GBP,No,NO_PRICES,1pack; 3pack; 5pack; 10pack; 15pack; 20pack; 25pack; 30pack; 50pack; 100pack
70449d45-0b41-411e-adca-3698e4accb61,Juice Head Mixpack 6mg,Northerner UK,46526,https://www.northerner.com/uk/juice-head/juice-head-mixpack-6mg,OK,N/A,N/A,N/A,N/A,N/A,N/A,N/A,N/A,N/A,N/A,GBP,No,NO_PRICES,1pack; 3pack; 5pack; 10pack; 15pack; 20pack; 25pack; 30pack; 50pack; 100pack
fb6d9130-aa04-4e3c-b2d5-3d60cee412d8,On! Plus Variety Mixpack,Northerner UK,46526,https://www.northerner.com/uk/on/on-plus-variety-mixpack,OK,N/A,N/A,N/A,N/A,N/A,N/A,N/A,N/A,N/A,N/A,GBP,No,NO_PRICES,1pack; 3pack; 5pack; 10pack; 15pack; 20pack; 25pack; 30pack; 50pack; 100pack
b01cb3b4-61f3-4907-9b2f-c1c22487e416,Juice Head Mixpack 14mg,Northerner UK,46526,https://www.northerner.com/uk/juice-head/juice-head-mixpack-14mg,OK,N/A,N/A,N/A,N/A,N/A,N/A,N/A,N/A,N/A,N/A,GBP,No,NO_PRICES,1pack; 3pack; 5pack; 10pack; 15pack; 20pack; 25pack; 30pack; 50pack; 100pack
271e65d0-9dd0-485f-825f-cfc0f6d39e1b,Ace Cool Mint 8mg,HAYYP,5084,https://snusifer.com/product/ace-cool-mint/,OK,N/A,N/A,N/A,N/A,N/A,N/A,N/A,N/A,N/A,N/A,GBP,No,NO_PRICES,1pack; 3pack; 5pack; 10pack; 15pack; 20pack; 25pack; 30pack; 50pack; 100pack
c9240ac4-0d53-4d9a-86fd-737ed7c685de,Ace Cool Mint Low 4mg,HAYYP,5084,https://snusifer.com/product/ace-cool-mint-low/,OK,N/A,N/A,N/A,N/A,N/A,N/A,N/A,N/A,N/A,N/A,GBP,No,NO_PRICES,1pack; 3pack; 5pack; 10pack; 15pack; 20pack; 25pack; 30pack; 50pack; 100pack
07b6a44c-936e-4473-88aa-a2fb5dfd7d93,Ace Eucalyptus Superwhite Slim 10mg,HAYYP,5084,https://snusifer.com/product/ace-eucalyptus/,OK,N/A,N/A,N/A,N/A,N/A,N/A,N/A,N/A,N/A,N/A,GBP,No,NO_PRICES,1pack; 3pack; 5pack; 10pack; 15pack; 20pack; 25pack; 30pack; 50pack; 100pack
47ad5a72-a710-4abe-92f2-206e953833c2,Ace X Cool Mint 8mg,HAYYP,5084,https://snusifer.com/product/ace-x-cool-mint/,OK,N/A,N/A,N/A,N/A,N/A,N/A,N/A,N/A,N/A,N/A,GBP,No,NO_PRICES,1pack; 3pack; 5pack; 10pack; 15pack; 20pack; 25pack; 30pack; 50pack; 100pack
3f227f46-e512-4ea3-874a-d8224e700f56,Ace X Cosmic Cool Mint X-Strong 16mg,HAYYP,5084,https://snusifer.com/product/ace-x-cosmic/,OK,N/A,N/A,N/A,N/A,N/A,N/A,N/A,N/A,N/A,N/A,GBP,No,NO_PRICES,1pack; 3pack; 5pack; 10pack; 15pack; 20pack; 25pack; 30pack; 50pack; 100pack
d0a21b1b-7a8d-46d6-bce3-12935ad07c7f,Ahlgrens Bilar Original 125g,HAYYP,5084,https://snusifer.com/product/ahlgrens-bilar-original/,OK,N/A,N/A,N/A,N/A,N/A,N/A,N/A,N/A,N/A,N/A,GBP,No,NO_PRICES,1pack; 3pack; 5pack; 10pack; 15pack; 20pack; 25pack; 30pack; 50pack; 100pack
0c06e4ae-83eb-4bb5-bbd5-87d5bb86dc93,Ahlgrens Bilar Saltlakrits 100g,HAYYP,5084,https://snusifer.com/product/ahlgrens-bilar-saltlakrits/,OK,N/A,N/A,N/A,N/A,N/A,N/A,N/A,N/A,N/A,N/A,GBP,No,NO_PRICES,1pack; 3pack; 5pack; 10pack; 15pack; 20pack; 25pack; 30pack; 50pack; 100pack
a9ec76bf-c854-4ead-af52-96abaf287aa7,Avant Caffé Mocha 8mg,HAYYP,5084,https://snusifer.com/product/avant-caffe-mocha/,OK,N/A,N/A,N/A,N/A,N/A,N/A,N/A,N/A,N/A,N/A,GBP,No,NO_PRICES,1pack; 3pack; 5pack; 10pack; 15pack; 20pack; 25pack; 30pack; 50pack; 100pack
279bf796-26f9-4e74-927a-6a312534d06a,Evil Chef’s No1 Naga Hot Sauce 100 ml,HAYYP,5084,https://snusifer.com/product/evil-chefs-no1-hot-sauce/,OK,N/A,N/A,N/A,N/A,N/A,N/A,N/A,N/A,N/A,N/A,GBP,No,NO_PRICES,1pack; 3pack; 5pack; 10pack; 15pack; 20pack; 25pack; 30pack; 50pack; 100pack
696b91ac-3d7a-4c89-b9eb-3cb27fa0bc34,FUMI Freezy Mint 17mg,HAYYP,5084,https://snusifer.com/product/fumi-icemint-superstrong-17mg/,OK,N/A,N/A,N/A,N/A,N/A,N/A,N/A,N/A,N/A,N/A,GBP,No,NO_PRICES,1pack; 3pack; 5pack; 10pack; 15pack; 20pack; 25pack; 30pack; 50pack; 100pack
19744183-0040-4237-9a0b-e9ac23f18c43,FUMI Tangy Strawberry 8mg,HAYYP,5084,https://snusifer.com/product/fumi-strawberry/,OK,N/A,N/A,N/A,N/A,N/A,N/A,N/A,N/A,N/A,N/A,GBP,No,NO_PRICES,1pack; 3pack; 5pack; 10pack; 15pack; 20pack; 25pack; 30pack; 50pack; 100pack
0a3c292b-bbae-4655-b2f7-c537739ba2ed,General XR Slim New Edition 7.5mg,HAYYP,5084,https://snusifer.com/product/general-xr/,OK,N/A,N/A,N/A,N/A,N/A,N/A,N/A,N/A,N/A,N/A,GBP,No,NO_PRICES,1pack; 3pack; 5pack; 10pack; 15pack; 20pack; 25pack; 30pack; 50pack; 100pack
72950d7e-c49c-4178-8f75-7d36d2eb314c,Helwit Banana 3.5mg,HAYYP,5084,https://snusifer.com/product/helwit-banana/,OK,N/A,N/A,N/A,N/A,N/A,N/A,N/A,N/A,N/A,N/A,GBP,No,NO_PRICES,1pack; 3pack; 5pack; 10pack; 15pack; 20pack; 25pack; 30pack; 50pack; 100pack
1d5747f3-9ac6-4e91-856a-49c708b3b664,Helwit Mocha 4.5mg,HAYYP,5084,https://snusifer.com/product/helwit-mocha/,OK,N/A,N/A,N/A,N/A,N/A,N/A,N/A,N/A,N/A,N/A,GBP,No,NO_PRICES,1pack; 3pack; 5pack; 10pack; 15pack; 20pack; 25pack; 30pack; 50pack; 100pack
5a8ec1b2-0398-445b-8c6f-e26029626cf8,KLINT Arctic Mint Slim Strong 14mg,HAYYP,5084,https://snusifer.com/product/klint-arctic-mint/,OK,N/A,N/A,N/A,N/A,N/A,N/A,N/A,N/A,N/A,N/A,GBP,No,NO_PRICES,1pack; 3pack; 5pack; 10pack; 15pack; 20pack; 25pack; 30pack; 50pack; 100pack
ff096584-2ad8-4207-8d0a-fe835c738727,KLINT Liquorice Slim Strong 8mg,HAYYP,5084,https://snusifer.com/product/klint-liquorice-strong/,OK,N/A,N/A,N/A,N/A,N/A,N/A,N/A,N/A,N/A,N/A,GBP,No,NO_PRICES,1pack; 3pack; 5pack; 10pack; 15pack; 20pack; 25pack; 30pack; 50pack; 100pack
17080297-2039-47da-bc18-e691e0a64735,Kelly White Cool Mint 8mg,HAYYP,5084,https://snusifer.com/product/kelly-white-cool-mint/,OK,N/A,N/A,N/A,N/A,N/A,N/A,N/A,N/A,N/A,N/A,GBP,No,NO_PRICES,1pack; 3pack; 5pack; 10pack; 15pack; 20pack; 25pack; 30pack; 50pack; 100pack
22c35c19-2221-4f8a-92b9-7789751f2e8b,Kelly White Raspberry Lemon Mini 6mg,HAYYP,5084,https://snusifer.com/product/kelly-white-raspberry-lemon/,OK,N/A,N/A,N/A,N/A,N/A,N/A,N/A,N/A,N/A,N/A,GBP,No,NO_PRICES,1pack; 3pack; 5pack; 10pack; 15pack; 20pack; 25pack; 30pack; 50pack; 100pack
e9b8e73d-4d22-441c-961b-a6d3b0dfb054,Kelly White Sparkling Strawberry 6mg,HAYYP,5084,https://snusifer.com/product/kelly-white-strawberry/,OK,N/A,N/A,N/A,N/A,N/A,N/A,N/A,N/A,N/A,N/A,GBP,No,NO_PRICES,1pack; 3pack; 5pack; 10pack; 15pack; 20pack; 25pack; 30pack; 50pack; 100pack
acc16a16-873d-492b-b8c8-23e98dd6caae,Kelly White Sweet Melon Mint 6mg,HAYYP,5084,https://snusifer.com/product/kelly-white-melon/,OK,N/A,N/A,N/A,N/A,N/A,N/A,N/A,N/A,N/A,N/A,GBP,No,NO_PRICES,1pack; 3pack; 5pack; 10pack; 15pack; 20pack; 25pack; 30pack; 50pack; 100pack
16ae1a9d-3323-4156-b954-47e5b85fa812,Kelly White Sweet Peach Strong Mini 7mg,HAYYP,5084,https://snusifer.com/product/kelly-white-sweet-peach/,OK,N/A,N/A,N/A,N/A,N/A,N/A,N/A,N/A,N/A,N/A,GBP,No,NO_PRICES,1pack; 3pack; 5pack; 10pack; 15pack; 20pack; 25pack; 30pack; 50pack; 100pack
2b4deede-b08a-4289-9127-76d5c6c12c60,Killa Apple X-Strong 13mg,HAYYP,5084,https://snusifer.com/product/killa-apple/,OK,N/A,N/A,N/A,N/A,N/A,N/A,N/A,N/A,N/A,N/A,GBP,No,NO_PRICES,1pack; 3pack; 5pack; 10pack; 15pack; 20pack; 25pack; 30pack; 50pack; 100pack
547ff04e-a029-4fd2-b30e-d64c1a5ae837,Killa Blueberry X-Strong 13mg,HAYYP,5084,https://snusifer.com/product/killa-blueberry/,OK,N/A,N/A,N/A,N/A,N/A,N/A,N/A,N/A,N/A,N/A,GBP,No,NO_PRICES,1pack; 3pack; 5pack; 10pack; 15pack; 20pack; 25pack; 30pack; 50pack; 100pack
46c7ac34-fc9b-4fdb-968d-4982b0b58a5c,Killa Cola X-Strong 13mg,HAYYP,5084,https://snusifer.com/product/killa-cola/,OK,N/A,N/A,N/A,N/A,N/A,N/A,N/A,N/A,N/A,N/A,GBP,No,NO_PRICES,1pack; 3pack; 5pack; 10pack; 15pack; 20pack; 25pack; 30pack; 50pack; 100pack
4e267515-e9d3-42b7-b877-9590ade32b7b,Killa Cold Mint X-Strong 13mg,HAYYP,5084,https://snusifer.com/product/killa-cold-mint/,OK,N/A,N/A,N/A,N/A,N/A,N/A,N/A,N/A,N/A,N/A,GBP,No,NO_PRICES,1pack; 3pack; 5pack; 10pack; 15pack; 20pack; 25pack; 30pack; 50pack; 100pack
e44e762e-e0f2-41df-9105-dccf61781346,Killa Grape Ice X-Strong 13mg,HAYYP,5084,https://snusifer.com/product/killa-grape/,OK,N/A,N/A,N/A,N/A,N/A,N/A,N/A,N/A,N/A,N/A,GBP,No,NO_PRICES,1pack; 3pack; 5pack; 10pack; 15pack; 20pack; 25pack; 30pack; 50pack; 100pack
5e914864-7c95-447d-a4c0-8aefcef170bd,Killa Watermelon X-Strong 13mg,HAYYP,5084,https://snusifer.com/product/killa-watermelon-x-strong-13mg/,OK,N/A,N/A,N/A,N/A,N/A,N/A,N/A,N/A,N/A,N/A,GBP,No,NO_PRICES,1pack; 3pack; 5pack; 10pack; 15pack; 20pack; 25pack; 30pack; 50pack; 100pack
a999ac87-698d-4aeb-8831-8b23a5ed1cd9,LEWA Classic Liquorice 14mg,HAYYP,5084,https://snusifer.com/product/lewa-classic-liquorice/,OK,N/A,N/A,N/A,N/A,N/A,N/A,N/A,N/A,N/A,N/A,GBP,No,NO_PRICES,1pack; 3pack; 5pack; 10pack; 15pack; 20pack; 25pack; 30pack; 50pack; 100pack
417f7983-777d-44c4-8073-e0bcf412c663,LEWA Classic Liquorice No Nico,HAYYP,5084,https://snusifer.com/product/lewa-classic-liquorice-no-nico/,OK,N/A,N/A,N/A,N/A,N/A,N/A,N/A,N/A,N/A,N/A,GBP,No,NO_PRICES,1pack; 3pack; 5pack; 10pack; 15pack; 20pack; 25pack; 30pack; 50pack; 100pack
c830d5ed-4f15-4f12-b247-2d3ec8be9fa8,LEWA Classic Taste of Tobacco 14mg,HAYYP,5084,https://snusifer.com/product/lewa_classic/,OK,N/A,N/A,N/A,N/A,N/A,N/A,N/A,N/A,N/A,N/A,GBP,No,NO_PRICES,1pack; 3pack; 5pack; 10pack; 15pack; 20pack; 25pack; 30pack; 50pack; 100pack
d29daf45-1f05-4639-899f-834e836b8e08,LEWA Classic Taste of Tobacco No Nico,HAYYP,5084,https://snusifer.com/product/lewa-classic-taste-of-tobacco-no-nico/,OK,N/A,N/A,N/A,N/A,N/A,N/A,N/A,N/A,N/A,N/A,GBP,No,NO_PRICES,1pack; 3pack; 5pack; 10pack; 15pack; 20pack; 25pack; 30pack; 50pack; 100pack
2af07c0e-e636-4cb3-b131-97a6cedc4596,Lilium Beach,HAYYP,5084,https://snusifer.com/product/lilium-beach/,OK,N/A,N/A,N/A,N/A,N/A,N/A,N/A,N/A,N/A,N/A,GBP,No,NO_PRICES,1pack; 3pack; 5pack; 10pack; 15pack; 20pack; 25pack; 30pack; 50pack; 100pack
a87deb2f-56f0-4c57-8c90-1ef3c36d65a9,Lilium Leopard,HAYYP,5084,https://snusifer.com/product/lilium-leopard/,OK,N/A,N/A,N/A,N/A,N/A,N/A,N/A,N/A,N/A,N/A,GBP,No,NO_PRICES,1pack; 3pack; 5pack; 10pack; 15pack; 20pack; 25pack; 30pack; 50pack; 100pack
aae9c143-0df1-428c-afe7-427ca37e434a,Lilium Olive,HAYYP,5084,https://snusifer.com/product/lilium-olive/,OK,N/A,N/A,N/A,N/A,N/A,N/A,N/A,N/A,N/A,N/A,GBP,No,NO_PRICES,1pack; 3pack; 5pack; 10pack; 15pack; 20pack; 25pack; 30pack; 50pack; 100pack
6aadb038-e7ae-4932-bf98-69fd5a31ff84,Lilium Pink,HAYYP,5084,https://snusifer.com/product/lilium-pink/,OK,N/A,N/A,N/A,N/A,N/A,N/A,N/A,N/A,N/A,N/A,GBP,No,NO_PRICES,1pack; 3pack; 5pack; 10pack; 15pack; 20pack; 25pack; 30pack; 50pack; 100pack
7a29f1fc-9fe3-4af6-a2bb-d49e723d60fb,Lilium Red Apple,HAYYP,5084,https://snusifer.com/product/lilium-red-apple/,OK,N/A,N/A,N/A,N/A,N/A,N/A,N/A,N/A,N/A,N/A,GBP,No,NO_PRICES,1pack; 3pack; 5pack; 10pack; 15pack; 20pack; 25pack; 30pack; 50pack; 100pack
32263fd7-8a3a-4767-8ed5-c251fffa4937,Lilium Tan,HAYYP,5084,https://snusifer.com/product/lilium-tan/,OK,N/A,N/A,N/A,N/A,N/A,N/A,N/A,N/A,N/A,N/A,GBP,No,NO_PRICES,1pack; 3pack; 5pack; 10pack; 15pack; 20pack; 25pack; 30pack; 50pack; 100pack
25684373-7e87-4984-b088-772d1e377947,Lilium Vivid Violet,HAYYP,5084,https://snusifer.com/product/lilium-vivid-violet/,OK,N/A,N/A,N/A,N/A,N/A,N/A,N/A,N/A,N/A,N/A,GBP,No,NO_PRICES,1pack; 3pack; 5pack; 10pack; 15pack; 20pack; 25pack; 30pack; 50pack; 100pack
fe738540-091e-4606-8322-f030617606fb,Lundgrens Höståker 10mg,HAYYP,5084,https://snusifer.com/product/lundgrens-hostaker-10mg/,OK,N/A,N/A,N/A,N/A,N/A,N/A,N/A,N/A,N/A,N/A,GBP,No,NO_PRICES,1pack; 3pack; 5pack; 10pack; 15pack; 20pack; 25pack; 30pack; 50pack; 100pack
dbd66a5e-bff0-45f1-af7b-73a2931f0818,Lundgrens Månskära 8mg,HAYYP,5084,https://snusifer.com/product/lundgrens-manskara-8mg/,OK,N/A,N/A,N/A,N/A,N/A,N/A,N/A,N/A,N/A,N/A,GBP,No,NO_PRICES,1pack; 3pack; 5pack; 10pack; 15pack; 20pack; 25pack; 30pack; 50pack; 100pack
79756f93-42eb-4c21-87dd-d042bf294c16,Lundgrens Mörk 8mg,HAYYP,5084,https://snusifer.com/product/lundgrens-mork/,OK,N/A,N/A,N/A,N/A,N/A,N/A,N/A,N/A,N/A,N/A,GBP,No,NO_PRICES,1pack; 3pack; 5pack; 10pack; 15pack; 20pack; 25pack; 30pack; 50pack; 100pack
0f938bc2-d7a8-4063-bbc4-cfcd8d949695,Lundgrens Mörk Stark 10mg,HAYYP,5084,https://snusifer.com/product/lundgrens-mork-stark/,OK,N/A,N/A,N/A,N/A,N/A,N/A,N/A,N/A,N/A,N/A,GBP,No,NO_PRICES,1pack; 3pack; 5pack; 10pack; 15pack; 20pack; 25pack; 30pack; 50pack; 100pack
38636f68-63e6-4909-adf8-0d2d141834e9,Lundgrens Rimfrost 10mg,HAYYP,5084,https://snusifer.com/product/lundgrens-rimfrost/,OK,N/A,N/A,N/A,N/A,N/A,N/A,N/A,N/A,N/A,N/A,GBP,No,NO_PRICES,1pack; 3pack; 5pack; 10pack; 15pack; 20pack; 25pack; 30pack; 50pack; 100pack
e69e41ec-10cb-41ea-a273-c2756f60624b,Pablo Ice Cold 24mg,HAYYP,5084,https://snusifer.com/product/pablo-ice-cold-24mg/,OK,N/A,N/A,N/A,N/A,N/A,N/A,N/A,N/A,N/A,N/A,GBP,No,NO_PRICES,1pack; 3pack; 5pack; 10pack; 15pack; 20pack; 25pack; 30pack; 50pack; 100pack
401be4fa-a056-4d15-9b00-2a8eead7e369,Pablo X-Ice Cold 20mg,HAYYP,5084,https://snusifer.com/product/pablo-x-ice-cold/,OK,N/A,N/A,N/A,N/A,N/A,N/A,N/A,N/A,N/A,N/A,GBP,No,NO_PRICES,1pack; 3pack; 5pack; 10pack; 15pack; 20pack; 25pack; 30pack; 50pack; 100pack
e68949f8-1aaa-4472-8767-ab803e3b86c7,Reindeer Chips,HAYYP,5084,https://snusifer.com/product/polarica-reindeer-chips/,OK,N/A,N/A,N/A,N/A,N/A,N/A,N/A,N/A,N/A,N/A,GBP,No,NO_PRICES,1pack; 3pack; 5pack; 10pack; 15pack; 20pack; 25pack; 30pack; 50pack; 100pack
246d70a8-c538-457d-9ac6-cf8bc1c580dd,Siberia All-White Original 33mg,HAYYP,5084,https://snusifer.com/product/siberia_original/,OK,N/A,N/A,N/A,N/A,N/A,N/A,N/A,N/A,N/A,N/A,GBP,No,NO_PRICES,1pack; 3pack; 5pack; 10pack; 15pack; 20pack; 25pack; 30pack; 50pack; 100pack
a3301ffb-bd7d-4bc0-8cc3-2e87f83d51e3,Siberia All-White Slim 25mg,HAYYP,5084,https://snusifer.com/product/siberia-slim/,OK,N/A,N/A,N/A,N/A,N/A,N/A,N/A,N/A,N/A,N/A,GBP,No,NO_PRICES,1pack; 3pack; 5pack; 10pack; 15pack; 20pack; 25pack; 30pack; 50pack; 100pack
eea3e54a-1f72-46cd-9ef2-2c221a82dbf4,Siberia All-White SuperSlim 21mg,HAYYP,5084,https://snusifer.com/product/siberia-superslim/,OK,N/A,N/A,N/A,N/A,N/A,N/A,N/A,N/A,N/A,N/A,GBP,No,NO_PRICES,1pack; 3pack; 5pack; 10pack; 15pack; 20pack; 25pack; 30pack; 50pack; 100pack
bb3e4211-512b-4578-b575-44066dd3a465,Skruf Crystal Fresh 12mg,HAYYP,5084,https://snusifer.com/product/skruf-crystal-fresh/,OK,N/A,N/A,N/A,N/A,N/A,N/A,N/A,N/A,N/A,N/A,GBP,No,NO_PRICES,1pack; 3pack; 5pack; 10pack; 15pack; 20pack; 25pack; 30pack; 50pack; 100pack
8847d669-3c18-4ae3-a826-f3234f85b8f0,Skruf Superwhite Fresh Slim Strong no. 53 9mg,HAYYP,5084,https://snusifer.com/product/skruf-super-white-fresh-slim-strong/,OK,N/A,N/A,N/A,N/A,N/A,N/A,N/A,N/A,N/A,N/A,GBP,No,NO_PRICES,1pack; 3pack; 5pack; 10pack; 15pack; 20pack; 25pack; 30pack; 50pack; 100pack
adea5601-a70e-48bc-9cab-c5370b68741b,Skruf Superwhite Frozen Mint Superslim no. 60 8mg,HAYYP,5084,https://snusifer.com/product/skruf-super-white-cassice/,OK,N/A,N/A,N/A,N/A,N/A,N/A,N/A,N/A,N/A,N/A,GBP,No,NO_PRICES,1pack; 3pack; 5pack; 10pack; 15pack; 20pack; 25pack; 30pack; 50pack; 100pack
8672e051-df13-448b-8a84-6a9fde9cd0b5,Swebar Chocolate 30% Protein,HAYYP,5084,https://snusifer.com/product/swebar-chocolate-30-protein/,OK,N/A,N/A,N/A,N/A,N/A,N/A,N/A,N/A,N/A,N/A,GBP,No,NO_PRICES,1pack; 3pack; 5pack; 10pack; 15pack; 20pack; 25pack; 30pack; 50pack; 100pack
338e7976-3e35-4650-b3d9-183e2d31aea1,VELO Crispy Peppermint Mini 8mg,HAYYP,5084,https://snusifer.com/product/velo-lyft-ice-cool-mint-mini/,OK,N/A,N/A,N/A,N/A,N/A,N/A,N/A,N/A,N/A,N/A,GBP,No,NO_PRICES,1pack; 3pack; 5pack; 10pack; 15pack; 20pack; 25pack; 30pack; 50pack; 100pack
7b8f9ffe-3c16-472b-a895-452049720f20,VELO Crispy Peppermint Slim 10mg,HAYYP,5084,https://snusifer.com/product/lyft-ice-cool-mint-slim-strong/,OK,N/A,N/A,N/A,N/A,N/A,N/A,N/A,N/A,N/A,N/A,GBP,No,NO_PRICES,1pack; 3pack; 5pack; 10pack; 15pack; 20pack; 25pack; 30pack; 50pack; 100pack
b7934ede-1bb1-40e0-87f2-c901b97c944f,VELO Freezing Peppermint 11mg,HAYYP,5084,https://snusifer.com/product/velo-freezing-peppermint/,OK,N/A,N/A,N/A,N/A,N/A,N/A,N/A,N/A,N/A,N/A,GBP,No,NO_PRICES,1pack; 3pack; 5pack; 10pack; 15pack; 20pack; 25pack; 30pack; 50pack; 100pack
410b90b2-ad70-4bf8-b930-a38850c810d0,VELO Freezing Peppermint MAX 17mg,HAYYP,5084,https://snusifer.com/product/velo-lyft-freeze-slim-max/,OK,N/A,N/A,N/A,N/A,N/A,N/A,N/A,N/A,N/A,N/A,GBP,No,NO_PRICES,1pack; 3pack; 5pack; 10pack; 15pack; 20pack; 25pack; 30pack; 50pack; 100pack
dbc74b2e-920d-4285-bb04-de5f494e4ab6,VELO Green Spearmint 6mg,HAYYP,5084,https://snusifer.com/product/lyft-mint-slim/,OK,N/A,N/A,N/A,N/A,N/A,N/A,N/A,N/A,N/A,N/A,GBP,No,NO_PRICES,1pack; 3pack; 5pack; 10pack; 15pack; 20pack; 25pack; 30pack; 50pack; 100pack
86df1e05-2ba5-494b-8d92-37d38f4ff554,VELO Groovy Grape Mini 6mg,HAYYP,5084,https://snusifer.com/product/lyft-royal-purple-mini/,OK,N/A,N/A,N/A,N/A,N/A,N/A,N/A,N/A,N/A,N/A,GBP,No,NO_PRICES,1pack; 3pack; 5pack; 10pack; 15pack; 20pack; 25pack; 30pack; 50pack; 100pack
458a0ba0-b69d-4148-bb4a-4b047b234b0b,VELO Groovy Grape Mini 6mg,HAYYP,5084,https://snusifer.com/product/velo-groovy-grape-mini/,OK,N/A,N/A,N/A,N/A,N/A,N/A,N/A,N/A,N/A,N/A,GBP,No,NO_PRICES,1pack; 3pack; 5pack; 10pack; 15pack; 20pack; 25pack; 30pack; 50pack; 100pack
282ba101-571c-4b22-b4b5-96ebb5b80964,VELO Groovy Grape Slim 10mg,HAYYP,5084,https://snusifer.com/product/velo-groovy-grape/,OK,N/A,N/A,N/A,N/A,N/A,N/A,N/A,N/A,N/A,N/A,GBP,No,NO_PRICES,1pack; 3pack; 5pack; 10pack; 15pack; 20pack; 25pack; 30pack; 50pack; 100pack
fa6278be-862c-4ca5-bb70-6a4c05db514a,VELO Lime Flame Slim 8mg,HAYYP,5084,https://snusifer.com/product/velo-lime-flame-slim-8mg/,OK,N/A,N/A,N/A,N/A,N/A,N/A,N/A,N/A,N/A,N/A,GBP,No,NO_PRICES,1pack; 3pack; 5pack; 10pack; 15pack; 20pack; 25pack; 30pack; 50pack; 100pack
906ec490-3335-4d31-a438-708eb824575b,VELO Limited Edition Sweet Blackcurrant 8mg,HAYYP,5084,https://snusifer.com/product/velo-blackcurrant/,OK,N/A,N/A,N/A,N/A,N/A,N/A,N/A,N/A,N/A,N/A,GBP,No,NO_PRICES,1pack; 3pack; 5pack; 10pack; 15pack; 20pack; 25pack; 30pack; 50pack; 100pack
ac5db8bf-3443-4e13-92c4-de4b19f09c25,VELO Mango Flame Slim 10mg,HAYYP,5084,https://snusifer.com/product/velo-mango-flame/,OK,N/A,N/A,N/A,N/A,N/A,N/A,N/A,N/A,N/A,N/A,GBP,No,NO_PRICES,1pack; 3pack; 5pack; 10pack; 15pack; 20pack; 25pack; 30pack; 50pack; 100pack
0c30cc01-382b-4a5e-ba05-048825d8d0de,VELO McLaren Limited Edition Sweet Papaya 8mg,HAYYP,5084,https://snusifer.com/product/velo-mclaren/,OK,N/A,N/A,N/A,N/A,N/A,N/A,N/A,N/A,N/A,N/A,GBP,No,NO_PRICES,1pack; 3pack; 5pack; 10pack; 15pack; 20pack; 25pack; 30pack; 50pack; 100pack
9d7bdb28-9b69-4766-ad93-427ba8c6b055,VELO Peppermint Storm 11mg,HAYYP,5084,https://snusifer.com/product/velo-cool-storm-slim-x-strong/,OK,N/A,N/A,N/A,N/A,N/A,N/A,N/A,N/A,N/A,N/A,GBP,No,NO_PRICES,1pack; 3pack; 5pack; 10pack; 15pack; 20pack; 25pack; 30pack; 50pack; 100pack
a32bb268-1f93-45f9-8c5c-5586df5804e6,VELO Salty Liquorice Slim Strong 10mg,HAYYP,5084,https://snusifer.com/product/velo-liquorice/,OK,N/A,N/A,N/A,N/A,N/A,N/A,N/A,N/A,N/A,N/A,GBP,No,NO_PRICES,1pack; 3pack; 5pack; 10pack; 15pack; 20pack; 25pack; 30pack; 50pack; 100pack
809ceb9a-68a0-4046-abe4-512a41a314c7,VELO Sour Lime Mini 4mg,HAYYP,5084,https://snusifer.com/product/velo-sour-lime/,OK,N/A,N/A,N/A,N/A,N/A,N/A,N/A,N/A,N/A,N/A,GBP,No,NO_PRICES,1pack; 3pack; 5pack; 10pack; 15pack; 20pack; 25pack; 30pack; 50pack; 100pack
8a96b8c8-b8dd-4826-a971-9b45e9091c09,VELO Tropical Mango Slim 6mg,HAYYP,5084,https://snusifer.com/product/lyft-tropic-breeze-slim/,OK,N/A,N/A,N/A,N/A,N/A,N/A,N/A,N/A,N/A,N/A,GBP,No,NO_PRICES,1pack; 3pack; 5pack; 10pack; 15pack; 20pack; 25pack; 30pack; 50pack; 100pack
07e03473-8d53-4c4d-bcd8-793833d68649,VELO Tropical Mango Slim 6mg,HAYYP,5084,https://snusifer.com/product/velo-tropical-mango/,OK,N/A,N/A,N/A,N/A,N/A,N/A,N/A,N/A,N/A,N/A,GBP,No,NO_PRICES,1pack; 3pack; 5pack; 10pack; 15pack; 20pack; 25pack; 30pack; 50pack; 100pack
3a3124f4-9ce5-46c4-b26c-2ebc2206ad65,VELO Zesty Elderflower 10mg,HAYYP,5084,https://snusifer.com/product/velo-elderflower/,OK,N/A,N/A,N/A,N/A,N/A,N/A,N/A,N/A,N/A,N/A,GBP,No,NO_PRICES,1pack; 3pack; 5pack; 10pack; 15pack; 20pack; 25pack; 30pack; 50pack; 100pack
82a515b7-a61c-416a-b965-009cd993054a,VID Coffee Caramel Strong,HAYYP,5084,https://snusifer.com/product/vid-coffee-caramel/,OK,N/A,N/A,N/A,N/A,N/A,N/A,N/A,N/A,N/A,N/A,GBP,No,NO_PRICES,1pack; 3pack; 5pack; 10pack; 15pack; 20pack; 25pack; 30pack; 50pack; 100pack
6291fc85-7d30-404d-ab73-5b123ceef940,VID Cola Sour Strong,HAYYP,5084,https://snusifer.com/product/vid-cola-sour-strong-10mg/,OK,N/A,N/A,N/A,N/A,N/A,N/A,N/A,N/A,N/A,N/A,GBP,No,NO_PRICES,1pack; 3pack; 5pack; 10pack; 15pack; 20pack; 25pack; 30pack; 50pack; 100pack
33475ac4-875e-4030-a55b-46e0c0a65ada,VID Crispy Mint Strong,HAYYP,5084,https://snusifer.com/product/vid-crispy-mint-strong-10mg/,OK,N/A,N/A,N/A,N/A,N/A,N/A,N/A,N/A,N/A,N/A,GBP,No,NO_PRICES,1pack; 3pack; 5pack; 10pack; 15pack; 20pack; 25pack; 30pack; 50pack; 100pack
076deb73-7d1e-4d74-bb57-f912df431499,Evil Chef’s No1 Naga Hot Sauce 100 ml,Snusifer,5085,https://snusifer.com/product/evil-chefs-no1-hot-sauce/,OK,N/A,N/A,N/A,N/A,N/A,N/A,N/A,N/A,N/A,N/A,EUR,Yes,NO_PRICES,1pack; 3pack; 5pack; 10pack; 15pack; 20pack; 25pack; 30pack; 50pack; 100pack
accf0f38-ff96-40c8-8c83-21d296e00fcb,Kelly White Sparkling Strawberry 6mg,Snusifer,5085,https://snusifer.com/product/kelly-white-strawberry/,OK,5.99,N/A,N/A,N/A,5.69,N/A,N/A,5.49,5.29,4.99,EUR,Yes,MISSING_10PACK,3pack; 5pack; 10pack; 20pack; 25pack
77c4b236-91d2-482e-8c87-ea2273463ab0,Kelly White Sweet Peach Strong Mini 7mg,Snusifer,5085,https://snusifer.com/product/kelly-white-sweet-peach/,OK,5.99,N/A,N/A,N/A,5.49,N/A,N/A,4.99,N/A,N/A,EUR,Yes,MISSING_10PACK,3pack; 5pack; 10pack; 20pack; 25pack; 50pack; 100pack
aa48cd13-1bc4-4949-8771-680330cd3ea9,Killa Apple X-Strong 13mg,Snusifer,5085,https://snusifer.com/product/killa-apple/,OK,5.99,N/A,N/A,N/A,5.69,N/A,N/A,5.49,4.99,4.49,EUR,Yes,MISSING_10PACK,3pack; 5pack; 10pack; 20pack; 25pack
2f530ec0-4f37-4829-9571-4af96a1b5354,Killa Blueberry X-Strong 13mg,Snusifer,5085,https://snusifer.com/product/killa-blueberry/,OK,5.99,N/A,N/A,N/A,4.49,N/A,N/A,3.99,N/A,N/A,EUR,Yes,MISSING_10PACK,3pack; 5pack; 10pack; 20pack; 25pack; 50pack; 100pack
54a071fb-d19d-401f-bb2c-8b8fafc63f33,Killa Cold Mint X-Strong 13mg,Snusifer,5085,https://snusifer.com/product/killa-cold-mint/,OK,5.99,N/A,N/A,N/A,4.49,N/A,N/A,3.99,N/A,N/A,EUR,Yes,MISSING_10PACK,3pack; 5pack; 10pack; 20pack; 25pack; 50pack; 100pack
8873a2df-f8aa-4b9e-8a59-bbbfc4054653,Killa Watermelon X-Strong 13mg,Snusifer,5085,https://snusifer.com/product/killa-watermelon-x-strong-13mg/,OK,5.99,N/A,N/A,N/A,4.99,N/A,N/A,4.49,4.29,3.99,EUR,Yes,MISSING_10PACK,3pack; 5pack; 10pack; 20pack; 25pack
b1c3b845-c6cd-4c93-bafa-61b29f9775fc,LEWA Classic Liquorice No Nico,Snusifer,5085,https://snusifer.com/product/lewa-classic-liquorice-no-nico/,OK,5.99,N/A,N/A,N/A,5.69,N/A,N/A,5.49,5.29,4.99,EUR,Yes,MISSING_10PACK,3pack; 5pack; 10pack; 20pack; 25pack
bb9381a5-6948-48c2-b3bb-effde25c6bc5,LEWA Classic Taste of Tobacco 14mg,Snusifer,5085,https://snusifer.com/product/lewa_classic/,OK,5.99,N/A,N/A,N/A,4.69,N/A,N/A,4.49,4.29,3.99,EUR,Yes,MISSING_10PACK,3pack; 5pack; 10pack; 20pack; 25pack
acaa9a79-7edb-44e7-b923-b6027163b1ca,LEWA Classic Taste of Tobacco No Nico,Snusifer,5085,https://snusifer.com/product/lewa-classic-taste-of-tobacco-no-nico/,OK,5.99,N/A,N/A,N/A,2.69,N/A,N/A,2.49,N/A,N/A,EUR,Yes,MISSING_10PACK,3pack; 5pack; 10pack; 20pack; 25pack; 50pack; 100pack
37b77b44-ad91-43ea-a415-41fdd4e81646,Lilium Leopard,Snusifer,5085,https://snusifer.com/product/lilium-leopard/,OK,29.95,N/A,N/A,N/A,4.69,N/A,N/A,4.49,4.29,3.99,EUR,Yes,MISSING_10PACK,3pack; 5pack; 10pack; 20pack; 25pack
994ee269-ba23-4539-81b1-41703b2b584d,Lilium Pink,Snusifer,5085,https://snusifer.com/product/lilium-pink/,OK,29.95,N/A,N/A,N/A,5.69,N/A,N/A,5.49,5.29,4.99,EUR,Yes,MISSING_10PACK,3pack; 5pack; 10pack; 20pack; 25pack
41ffca99-fc53-4ad8-bf13-688af8ecfe15,Lundgrens Höståker 10mg,Snusifer,5085,https://snusifer.com/product/lundgrens-hostaker-10mg/,OK,4.99,N/A,N/A,N/A,5.69,N/A,N/A,5.49,5.29,4.99,EUR,Yes,MISSING_10PACK,3pack; 5pack; 10pack; 20pack; 25pack
b3e81d61-394e-4053-b9c5-40a58acac5db,Lundgrens Månskära 8mg,Snusifer,5085,https://snusifer.com/product/lundgrens-manskara-8mg/,OK,4.99,N/A,N/A,N/A,3.69,N/A,N/A,3.49,3.29,2.99,EUR,Yes,MISSING_10PACK,3pack; 5pack; 10pack; 20pack; 25pack
8f5431c8-60fa-42b4-ab3a-01d50ff8c5a5,Lundgrens Rimfrost 10mg,Snusifer,5085,https://snusifer.com/product/lundgrens-rimfrost/,OK,4.99,N/A,N/A,N/A,4.49,N/A,N/A,3.99,3.49,2.99,EUR,Yes,MISSING_10PACK,3pack; 5pack; 10pack; 20pack; 25pack
9bfe86d3-a834-4afe-a484-7676e6c456c4,LEWA Classic Liquorice 14mg,Snusifer,5085,https://snusifer.com/product/lewa-classic-liquorice/,OK,3.99,N/A,N/A,N/A,5.69,N/A,N/A,5.49,5.29,4.99,EUR,Yes,MISSING_10PACK,3pack; 5pack; 10pack; 20pack; 25pack
dc96a4d7-3723-44f4-99f0-0ae49ef3371d,Ace Cool Mint Low 4mg,Snusifer,5085,https://snusifer.com/product/ace-cool-mint-low/,OK,5.99,N/A,N/A,N/A,89.85,N/A,N/A,N/A,N/A,N/A,EUR,Yes,MISSING_10PACK,3pack; 5pack; 10pack; 20pack; 25pack; 30pack; 50pack; 100pack
ac086d2a-ed72-4ce9-bb30-99d9a19a5106,Kelly White Sweet Melon Mint 6mg,Snusifer,5085,https://snusifer.com/product/kelly-white-melon/,OK,5.99,N/A,N/A,N/A,89.85,N/A,N/A,N/A,N/A,N/A,EUR,Yes,MISSING_10PACK,3pack; 5pack; 10pack; 20pack; 25pack; 30pack; 50pack; 100pack
64afd8e7-3906-4c6a-91ba-73edfb4afbbb,Killa Cola X-Strong 13mg,Snusifer,5085,https://snusifer.com/product/killa-cola/,OK,4.99,N/A,N/A,N/A,74.85,N/A,N/A,N/A,N/A,N/A,EUR,Yes,MISSING_10PACK,3pack; 5pack; 10pack; 20pack; 25pack; 30pack; 50pack; 100pack
f2ce8089-19b2-4c34-a343-4d54b51a33b8,Killa Grape Ice X-Strong 13mg,Snusifer,5085,https://snusifer.com/product/killa-grape/,OK,4.99,N/A,N/A,N/A,74.85,N/A,N/A,N/A,N/A,N/A,EUR,Yes,MISSING_10PACK,3pack; 5pack; 10pack; 20pack; 25pack; 30pack; 50pack; 100pack
94925a86-f67d-4064-9e7e-d7d6804bf95b,Lilium Beach,Snusifer,5085,https://snusifer.com/product/lilium-beach/,OK,4.95,N/A,N/A,N/A,74.25,N/A,N/A,N/A,N/A,N/A,EUR,Yes,MISSING_10PACK,3pack; 5pack; 10pack; 20pack; 25pack; 30pack; 50pack; 100pack
811ff54c-717a-4044-b540-87a215334e37,Lilium Olive,Snusifer,5085,https://snusifer.com/product/lilium-olive/,OK,29.95,N/A,N/A,N/A,449.25,N/A,N/A,N/A,N/A,N/A,EUR,Yes,MISSING_10PACK,3pack; 5pack; 10pack; 20pack; 25pack; 30pack; 50pack; 100pack
695892e6-d409-4adb-a41e-32e348f0b13d,Lundgrens Mörk 8mg,Snusifer,5085,https://snusifer.com/product/lundgrens-mork/,OK,4.99,N/A,N/A,N/A,74.85,N/A,N/A,N/A,N/A,N/A,EUR,Yes,MISSING_10PACK,3pack; 5pack; 10pack; 20pack; 25pack; 30pack; 50pack; 100pack
febbf423-b7d2-46df-bc97-3ff6235493e5,Lundgrens Mörk Stark 10mg,Snusifer,5085,https://snusifer.com/product/lundgrens-mork-stark/,OK,3.99,N/A,N/A,N/A,59.85,N/A,N/A,N/A,N/A,N/A,EUR,Yes,MISSING_10PACK,3pack; 5pack; 10pack; 20pack; 25pack; 30pack; 50pack; 100pack
5ea1b65b-68b7-4920-a959-b3c2f4aeb486,Pablo X-Ice Cold 20mg,Snusifer,5085,https://snusifer.com/product/pablo-x-ice-cold/,OK,5.99,N/A,N/A,N/A,5.49,N/A,N/A,4.99,N/A,N/A,EUR,Yes,MISSING_10PACK,3pack; 5pack; 10pack; 20pack; 25pack; 50pack; 100pack
17252e78-b1bd-4e0f-b6aa-ec0d965b2a25,Reindeer Chips,Snusifer,5085,https://snusifer.com/product/polarica-reindeer-chips/,OK,6.99,N/A,N/A,N/A,5.69,N/A,N/A,5.49,5.29,4.99,EUR,Yes,MISSING_10PACK,3pack; 5pack; 10pack; 20pack; 25pack
d17e494b-396b-4333-8c2d-67e5688aa542,Siberia All-White Slim 25mg,Snusifer,5085,https://snusifer.com/product/siberia-slim/,OK,6.99,N/A,N/A,N/A,5.69,N/A,N/A,5.49,5.29,4.99,EUR,Yes,MISSING_10PACK,3pack; 5pack; 10pack; 20pack; 25pack
587f05dc-d3f5-42e9-a248-c8fe97ae750e,Siberia All-White SuperSlim 21mg,Snusifer,5085,https://snusifer.com/product/siberia-superslim/,OK,6.99,N/A,N/A,N/A,5.69,N/A,N/A,5.49,5.29,4.99,EUR,Yes,MISSING_10PACK,3pack; 5pack; 10pack; 20pack; 25pack
5197e09f-b676-48f6-8378-c8c4d763080c,Skruf Crystal Fresh 12mg,Snusifer,5085,https://snusifer.com/product/skruf-crystal-fresh/,OK,5.99,N/A,N/A,N/A,5.69,N/A,N/A,5.49,5.29,4.99,EUR,Yes,MISSING_10PACK,3pack; 5pack; 10pack; 20pack; 25pack
9b4970f7-cd1f-4815-ba64-470e2794a8aa,Skruf Superwhite Fresh Slim Strong no. 53 9mg,Snusifer,5085,https://snusifer.com/product/skruf-super-white-fresh-slim-strong/,OK,5.99,N/A,N/A,N/A,5.69,N/A,N/A,5.49,5.29,4.99,EUR,Yes,MISSING_10PACK,3pack; 5pack; 10pack; 20pack; 25pack
79104bfd-713c-440c-ac5e-3d4c6163e3ef,Skruf Superwhite Frozen Mint Superslim no. 60 8mg,Snusifer,5085,https://snusifer.com/product/skruf-super-white-cassice/,OK,5.99,N/A,N/A,N/A,5.49,N/A,N/A,5.29,4.99,N/A,EUR,Yes,MISSING_10PACK,3pack; 5pack; 10pack; 20pack; 25pack; 100pack
914ea764-be65-4b43-8e32-f5e7b3daf3d8,VELO Bright Spearmint Mini 4mg,Snusifer,5085,https://snusifer.com/product/lyft-easy-mint-mini/,OK,5.99,N/A,N/A,N/A,4.99,N/A,N/A,N/A,N/A,N/A,EUR,Yes,MISSING_10PACK,3pack; 5pack; 10pack; 20pack; 25pack; 30pack; 50pack; 100pack