ID,Type,SKU,"GTIN, UPC, EAN, or ISBN",Name,Published,"Is featured?","Visibility in catalogue","Short description",Description,"Date sale price starts","Date sale price ends","Tax status","Tax class","In stock?",Stock,"Low stock amount","Backorders allowed?","Sold individually?","Weight (kg)","Length (cm)","Width (cm)","Height (cm)","Allow customer reviews?","Purchase note","Sale price","Regular price",Categories,Tags,"Shipping class",Images,"Download limit","Download expiry days",Parent,"Grouped products",Upsells,Cross-sells,"External URL","Button text",Position,Brands,"Attribute 1 name","Attribute 1 value(s)","Attribute 1 visible","Attribute 1 global","Meta: _wpml_import_translation_group","Meta: _wpml_import_language_code","Meta: _wpml_import_source_language_code"
51318,simple,,,"GARANT EXTREME",1,0,visible,,"Experience the ultimate nicotine satisfaction with GARANT EXTREME nicotine pouches. These pouches offer a convenient and discreet way to enjoy a burst of flavor and rapid nicotine delivery. Available in a variety of exciting flavors, these pouches are perfect for on-the-go use, providing a satisfying experience anytime, anywhere. Say goodbye to smoke and hello to a convenient and enjoyable nicotine boost with GARANT EXTREME nicotine pouches.",,,taxable,,1,,,0,0,,,,,1,,,,GARANT,,,https://nicotine-pouches.org/wp-content/uploads/2024/08/DgDKATfbQbhOkMSDZLVqT9MY9p7mpXwArRl4ME7U.webp,,,,,,,,,0,,,,,,10100,us,
51319,simple,,,"Ace X Black Raspberry Chili",1,0,visible,"For Ace X Black Raspberry Chili, it's important to shop around for the best prices to maximize your savings. Check various retailers, both online and in-store, to find where the product is offered at the lowest price. Some stores may have special promotions or bulk purchase discounts that can help you save even more. Consider signing up for newsletters or loyalty programs, as they often provide exclusive discounts. By comparing prices, you can ensure you're getting Ace X Black Raspberry Chili at the best possible value.","Ace X Black Raspberry Chili nicotine pouches offer a unique fusion of flavors, blending black raspberry sweetness with a spicy chili kick. These pouches are a convenient option for on-the-go nicotine delivery, providing a discreet and smoke-free experience. Discover a refreshing burst of flavor while enjoying a satisfying nicotine hit with Ace X Black Raspberry Chili nicotine pouches.",,,taxable,,1,,,0,0,,,,,1,,,,ACE,,,https://nicotine-pouches.org/wp-content/uploads/2024/08/ace-x-raspberry-chili-slim-strong-1.png,,,,,,,,,0,,,,,,10096,us,
51320,simple,,,"GARANT ICE COOL",1,0,visible,,"Discover GARANT ICE COOL nicotine pouches for a refreshing nicotine experience. Enjoy the convenience of discreet pouches in various flavors that deliver a satisfying nicotine kick. Choose GARANT ICE COOL for a cool and convenient way to enjoy nicotine on the go.",,,taxable,,1,,,0,0,,,,,1,,,,GARANT,,,https://nicotine-pouches.org/wp-content/uploads/2024/08/fB8PCSnGQWqxaLXxxDo852A9GUxZMj57wLC8rSgT.webp,,,,,,,,,0,,,,,,10098,us,
51321,simple,,,"LOOP Habanero Mint Extra Strong",1,0,visible,"Experience a spicy kick with LOOP Habanero Mint Extra Strong nicotine pouches. Convenient and flavorful choice for tobacco-free satisfaction.","Experience an intense burst of flavor and nicotine with LOOP Habanero Mint Extra Strong nicotine pouches. These pouches offer a convenient way to enjoy a refreshing habanero mint taste while getting a powerful nicotine delivery. Say goodbye to smoke or snus - simply pop in a pouch for a discreet and enjoyable experience anytime, anywhere. Elevate your nicotine satisfaction with LOOP nicotine pouches.",,,taxable,,1,,,0,0,,,,,1,,,"3,39",LOOP,,,https://nicotine-pouches.org/wp-content/uploads/2024/08/loop-habanero-mint-slim-extra-strong-2.png,,,,,,,,,0,,Flavor,,1,1,10094,us,
51322,simple,,,"XQS Citrus Cooling Strong",1,0,visible,"Experience a refreshing burst of citrus with XQS Citrus Cooling Strong nicotine pouches. Enjoy a cooling sensation with a boost of nicotine.","Discover the refreshing XQS Citrus Cooling Strong nicotine pouches, delivering a convenient and flavorful nicotine experience. These pouches offer a burst of citrus flavor along with a strong nicotine kick. Perfect for nicotine delivery on-the-go, they provide a cooling sensation for a unique vaping experience. Try XQS Citrus Cooling for a convenient and enjoyable way to enjoy nicotine pouches.",,,taxable,,1,,,0,0,,,,,1,,,,XQS,,,https://nicotine-pouches.org/wp-content/uploads/2024/08/xqs-citrus-cooling-slim-extra-strong-nicotine-pouches.png,,,,,,,,,0,,,,,,10092,us,
51323,simple,,,"XQS Black Cherry Slim Strong",1,0,visible,"XQS Black Cherry Slim Strong nicotine pouches deliver bold flavor and convenience. Enjoy nicotine pouches on-the-go for a satisfying experience.","Experience a burst of flavor with XQS Black Cherry Slim Strong nicotine pouches. Enjoy the convenience of 20 slim pouches per can, delivering a strong nicotine kick. Savor the delicious black cherry flavor while getting your nicotine fix. Perfect for on-the-go use, these pouches provide a discreet yet satisfying experience. Try XQS for a flavorful and powerful nicotine experience.",,,taxable,,1,,,0,0,,,,,1,,,,XQS,,,https://nicotine-pouches.org/wp-content/uploads/2024/08/xqs-black-cherry-strong-2.png,,,,,,,,,0,,,,,,10090,us,
51339,simple,,,"XQS Tropical Strong",1,0,visible,"Experience the refreshing taste of XQS Tropical Strong nicotine pouches. Convenient, discreet, and perfect for on-the-go enjoyment.","XQS Tropical Strong nicotine pouches offer a convenient and discreet way to enjoy nicotine without the need for smoke or vapor. With a refreshing tropical flavor, these pouches deliver a strong nicotine kick for a satisfying experience on the go. Perfect for those looking for a convenient and flavorful alternative to traditional tobacco products, these nicotine pouches are easy to use and provide a quick and effective nicotine delivery.",,,taxable,,1,,,0,0,,,,,1,,,,XQS,,,https://nicotine-pouches.org/wp-content/uploads/2024/08/xqs-tropical-strong-1.png,,,,,,,,,0,,,,,,7814,us,
51340,simple,,,"LOOP Smooth Mint Mini",1,0,visible,"Experience a burst of cool freshness with LOOP Smooth Mint Mini nicotine pouches. Enjoy discreet satisfaction anytime, anywhere.","Experience a fresh burst of flavor with LOOP Smooth Mint Mini nicotine pouches. Enjoy the convenience of discreet, smoke-free nicotine delivery anytime, anywhere. These pouches offer a refreshing mint flavor and a satisfying nicotine experience. Say goodbye to tobacco and hello to a more convenient and enjoyable way to get your nicotine fix.",,,taxable,,1,,,0,0,,,,,1,,,,LOOP,,,https://nicotine-pouches.org/wp-content/uploads/2024/08/loop-smooth-mint-mini-1.png,,,,,,,,,0,,,,,,7791,us,
51341,simple,20019,,"LOOP Cassis Bliss Strong",1,0,visible,"Experience the bold and invigorating flavor of LOOP Cassis Bliss Strong nicotine pouches. Perfect for a convenient and satisfying nicotine experience.","Experience the bold flavor of LOOP Cassis Bliss Strong nicotine pouches. These convenient pouches deliver a powerful nicotine kick with a delicious cassis taste. Enjoy discreet and long-lasting satisfaction on the go. Discover a new level of flavor and nicotine satisfaction with LOOP Cassis Bliss Strong nicotine pouches.",,,taxable,,1,,,0,0,,,,,1,,,"3,39",LOOP,,,https://nicotine-pouches.org/wp-content/uploads/2024/08/loop-cassis-bliss-strong-1.png,,,,,,,,,0,,,,,,7792,us,
51342,simple,,,"LOOP Jalapeño Lime",1,0,visible,"Discover LOOP Jalapeño Lime nicotine pouches. Enjoy a zesty and spicy flavor experience with these convenient and discreet pouches. Ideal for on-the-go use.","Enjoy a zesty kick with LOOP Jalapeño Lime nicotine pouches. These convenient pouches offer a bold flavor combination of spicy jalapeño and tangy lime. With their discreet and mess-free design, these nicotine pouches provide a convenient and effective way to satisfy your cravings on the go. Experience a quick nicotine delivery without the need for tobacco. Elevate your nicotine experience with LOOP Jalapeño Lime pouches.",,,taxable,,1,,,0,0,,,,,1,,,,LOOP,,,https://nicotine-pouches.org/wp-content/uploads/2024/08/loop-jalapeno-lime-1.png,,,,,,,,,0,,,,,,7774,us,
51343,simple,,,"LOOP Jalapeño Lime Extra Strong",1,0,visible,"Try LOOP Jalapeño Lime Extra Strong nicotine pouches for a zesty kick. Enjoy the convenience of discreet and long-lasting flavor with these nicotine pouches.","Experience a bold fusion of spicy Jalapeño and zesty Lime with LOOP Jalapeño Lime Extra Strong nicotine pouches. Enjoy the convenience of discreet, smoke-free nicotine delivery in refreshing flavors. These pouches pack a punch, delivering a strong nicotine kick for those seeking a stimulating experience. Try LOOP for a satisfying and flavorful alternative to traditional tobacco consumption.",,,taxable,,1,,,0,0,,,,,1,,,,LOOP,,,https://nicotine-pouches.org/wp-content/uploads/2024/08/loop-jalapeno-lime-extra-strong-1.png,,,,,,,,,0,,,,,,7775,us,
51344,simple,,,"LOOP Habanero Mint Slim Hyper Strong",1,0,visible,"Experience a bold fusion of heat and cool with LOOP Habanero Mint Slim Hyper Strong nicotine pouches. Enjoy intense flavor and convenience on-the-go.","Experience an intense rush with LOOP Habanero Mint Slim Hyper Strong nicotine pouches. These convenient pouches deliver a potent kick of nicotine and a refreshing blend of habanero and mint flavors. Enjoy discreet enjoyment anytime, anywhere. Boost your day with a flavorful twist and a powerful nicotine hit.",,,taxable,,1,,,0,0,,,,,1,,,,LOOP,,,https://nicotine-pouches.org/wp-content/uploads/2024/08/loop-habanero-mint-slim-hyper-strong-1.png,,,,,,,,,0,,Flavor,,1,1,7776,us,
51345,simple,,,"LOOP Red Chili Melon Strong",1,0,visible,"Experience a blend of spicy red chili and refreshing melon with LOOP Red Chili Melon Strong nicotine pouches. Enjoy convenience on-the-go.","Experience a burst of flavor with LOOP Red Chili Melon Strong nicotine pouches. Enjoy the convenience of nicotine delivery without the need for smoke or vapor. With a unique blend of spicy chili and sweet melon, these pouches offer a bold and refreshing experience. Perfect for users seeking a strong nicotine kick in a discreet and hassle-free form.",,,taxable,,1,,,0,0,,,,,1,,,,LOOP,,,https://nicotine-pouches.org/wp-content/uploads/2024/08/loop-red-chili-melon-strong-1.png,,,,,,,,,0,,,,,,7777,us,
51346,simple,,,"LOOP Hot Mango Extra Strong",1,0,visible,"Experience an extra-strong kick with LOOP Hot Mango Nicotine Pouches. Enjoy a flavorful and convenient nicotine experience anywhere, anytime.","Experience a burst of tropical flavor with LOOP Hot Mango Extra Strong nicotine pouches. Enjoy the convenience of these discreet pouches that provide a quick and satisfying nicotine delivery. Indulge in the bold mango taste while staying refreshed on the go. Discover a new way to enjoy nicotine pouches with an extra kick of strength.",,,taxable,,1,,,0,0,,,,,1,,,,LOOP,,,https://nicotine-pouches.org/wp-content/uploads/2024/08/loop-hot-mango-extra-strong-1.png,,,,,,,,,0,,,,,,7778,us,
51347,simple,,,"LOOP Smooth Mint Strong",1,0,visible,"Enjoy a refreshing minty kick with LOOP Smooth Mint Strong nicotine pouches. Get your nicotine fix discreetly and conveniently on-the-go.","Experience a refreshing burst with LOOP Smooth Mint Strong nicotine pouches. Enjoy the convenience of these discreet pouches delivering a long-lasting mint flavor and satisfying nicotine hit. Perfect for on-the-go use, these pouches provide a smoke-free and hassle-free option for nicotine delivery. Elevate your experience with LOOP Smooth Mint Strong nicotine pouches.",,,taxable,,1,,,0,0,,,,,1,,,,LOOP,,,https://nicotine-pouches.org/wp-content/uploads/2024/08/loop-smooth-mint-strong-1.png,,,,,,,,,0,,,,,,7779,us,
51348,simple,,,"LOOP Hot Rhubarb Strong",1,0,visible,"Experience a bold burst of rhubarb flavor with LOOP Hot Rhubarb Strong nicotine pouches. Convenient and satisfying, perfect for on-the-go users.","Experience a burst of flavor and nicotine satisfaction with LOOP Hot Rhubarb Strong nicotine pouches. These convenient pouches offer a refreshing rhubarb taste with a strong nicotine kick. Perfect for when you're on the go, these pouches provide discreet and easy nicotine delivery. Enjoy the bold flavor and long-lasting effect with LOOP Hot Rhubarb Strong nicotine pouches.",,,taxable,,1,,,0,0,,,,,1,,,,LOOP,,,https://nicotine-pouches.org/wp-content/uploads/2024/08/loop-hot-rhubarb-strong-1.png,,,,,,,,,0,,,,,,7780,us,
51349,simple,,,"LOOP Red Chili Melon Hyper Strong",1,0,visible,"Experience a kick of flavor with LOOP Red Chili Melon Hyper Strong nicotine pouches. Enjoy convenience and satisfaction anytime, anywhere.","Experience the bold flavor and powerful kick of LOOP Red Chili Melon Hyper Strong nicotine pouches. These convenient pouches deliver a burst of spicy chili and refreshing melon taste, perfect for a quick nicotine boost anytime, anywhere. With Hyper Strong nicotine levels for intense satisfaction, these pouches are a convenient and discreet choice for nicotine enjoyment on the go. Join the LOOP revolution with these unique and flavorful nicotine pouches.",,,taxable,,1,,,0,0,,,,,1,,,,LOOP,,,https://nicotine-pouches.org/wp-content/uploads/2024/08/loop-red-chili-melon-hyper-strong-1.png,,,,,,,,,0,,,,,,7781,us,
51350,simple,,,"LOOP Red Chili Melon Extra Strong",1,0,visible,"Experience an intense kick with LOOP Red Chili Melon Extra Strong nicotine pouches. Unique blend for a bold flavor and long-lasting buzz. Ideal for on-the-go use.","Experience a burst of flavor with LOOP Red Chili Melon Extra Strong nicotine pouches. Enjoy the convenience and discreetness of these pouches with a spicy chili kick complemented by refreshing melon notes. Get a quick nicotine delivery without the need for smoke or vapor. Try LOOP Red Chili Melon for a unique and intense pouch experience.",,,taxable,,1,,,0,0,,,,,1,,,,LOOP,,,https://nicotine-pouches.org/wp-content/uploads/2024/08/loop-red-chili-melon-extra-strong-1.png,,,,,,,,,0,,,,,,7782,us,
51351,simple,,,"LOOP Habanero Mint Slim Extra Strong",1,0,visible,"Experience a bold fusion of habanero and mint with LOOP Habanero Mint Slim Extra Strong nicotine pouches. Enjoy intense flavor and long-lasting satisfaction.","Experience a bold fusion of heat and freshness with LOOP Habanero Mint Slim Extra Strong nicotine pouches. Enjoy the convenience of discreet pouches delivering intense minty flavor and a powerful nicotine kick. Elevate your nicotine experience with these slim pouches that provide a long-lasting and enjoyable sensation. Discover a whole new level of satisfaction with these extra strong nicotine pouches.",,,taxable,,1,,,0,0,,,,,1,,,,LOOP,,,https://nicotine-pouches.org/wp-content/uploads/2024/08/loop-habanero-mint-slim-extra-strong-1.png,,,,,,,,,0,,,,,,7783,us,
51352,simple,,,"LOOP Hot Mango Strong",1,0,visible,"Experience a burst of flavor with LOOP Hot Mango Strong nicotine pouches. Convenient and discreet, perfect for on-the-go satisfaction.","Experience the intense flavor of LOOP Hot Mango Strong nicotine pouches. Delivering a powerful nicotine kick, these pouches offer a convenient and discreet way to enjoy your favorite flavors without the need for smoking. With a refreshing mango taste and strong nicotine delivery, these pouches are perfect for on-the-go use. Discover a satisfying alternative with LOOP Hot Mango Strong nicotine pouches.",,,taxable,,1,,,0,0,,,,,1,,,,LOOP,,,https://nicotine-pouches.org/wp-content/uploads/2024/08/loop-hot-mango-strong-1.png,,,,,,,,,0,,,,,,7784,us,
51353,simple,,,"LOOP Licorice Fusion Extra Strong",1,0,visible,"Experience a bold fusion with LOOP Licorice Fusion Extra Strong nicotine pouches. Enjoy the convenience of discreet nicotine pouches anytime, anywhere.","Experience the bold taste and intense nicotine kick of LOOP Licorice Fusion Extra Strong nicotine pouches. Enjoy the convenience of these discreet pouches with long-lasting flavor and quick nicotine delivery. With its fusion of licorice flavor and extra strength, these pouches offer a satisfying experience anytime, anywhere. Upgrade your nicotine experience with LOOP today!",,,taxable,,1,,,0,0,,,,,1,,,,LOOP,,,https://nicotine-pouches.org/wp-content/uploads/2024/08/loop-licorice-fusion-extra-strong-1.png,,,,,,,,,0,,,,,,7785,us,
51354,simple,,,"LOOP Jalapeño Lime Mini",1,0,visible,"Try LOOP Jalapeño Lime Mini nicotine pouches for a bold burst of flavor in a discreet, mess-free form. Experience convenience with these unique nicotine pouches.","Experience a burst of flavor with LOOP Jalapeño Lime Mini nicotine pouches. These pouches offer convenient and discreet nicotine delivery without the need to smoke. Enjoy the unique combination of spicy jalapeño and zesty lime flavors. Perfect for on-the-go use, these pouches provide a refreshing alternative to traditional tobacco products. Up your nicotine experience with LOOP Jalapeño Lime Mini pouches.",,,taxable,,1,,,0,0,,,,,1,,,,LOOP,,,https://nicotine-pouches.org/wp-content/uploads/2024/08/loop-jalapeno-lime-mini-1.png,,,,,,,,,0,,,,,,7786,us,
51355,simple,,,"LOOP Red Chili Melon Mini",1,0,visible,"Experience a burst of flavor with LOOP Red Chili Melon Mini nicotine pouches. Convenient and discreet for a satisfying nicotine hit anytime, anywhere.","Discover the vibrant kick of LOOP Red Chili Melon Mini nicotine pouches. These convenient and discreet pouches offer a unique blend of spicy chili and sweet melon flavors, delivering a smooth nicotine experience. Perfect for on-the-go use, these pouches provide a satisfying alternative to smoking. Try LOOP Red Chili Melon Mini pouches for a bold and flavorful nicotine hit anytime, anywhere.",,,taxable,,1,,,0,0,,,,,1,,,,LOOP,,,https://nicotine-pouches.org/wp-content/uploads/2024/08/loop-red-chili-melon-mini-1.png,,,,,,,,,0,,,,,,7787,us,
51356,simple,,,"LOOP Ice Cool Mint Strong",1,0,visible,"Experience the refreshing chill of LOOP Ice Cool Mint Strong nicotine pouches. Enjoy a convenient and discreet way to get your nicotine fix anytime, anywhere.","Experience a refreshing burst of flavor with LOOP Ice Cool Mint Strong nicotine pouches. Convenient and discreet, these pouches deliver a strong nicotine kick while providing a cool mint sensation. Perfect for on-the-go use, each pouch ensures a long-lasting flavor experience. Say goodbye to smoking and hello to a convenient and flavorful nicotine option with LOOP Ice Cool Mint Strong nicotine pouches.",,,taxable,,1,,,0,0,,,,,1,,,,LOOP,,,https://nicotine-pouches.org/wp-content/uploads/2024/08/loop-ice-cool-mint-strong-1.png,,,,,,,,,0,,,,,,7788,us,
51357,simple,,,"LOOP Hot Peach Strong",1,0,visible,"Experience the bold flavor of LOOP Hot Peach Strong nicotine pouches. Convenient, discreet, and satisfying for a lasting nicotine hit.","Experience a burst of flavor and convenience with LOOP Hot Peach Strong nicotine pouches. These pouches deliver a powerful nicotine kick while tantalizing your taste buds with the delicious essence of ripe peaches. Perfect for on-the-go use, each pouch offers discreet and long-lasting enjoyment. Upgrade your nicotine experience with LOOP Hot Peach Strong pouches today.",,,taxable,,1,,,0,0,,,,,1,,,,LOOP,,,https://nicotine-pouches.org/wp-content/uploads/2024/08/loop-hot-peach-strong-1.png,,,,,,,,,0,,,,,,7789,us,
51358,simple,,,"LOOP Jalapeno Lime Slim Hyper Strong",1,0,visible,"Experience the zesty kick of LOOP Jalapeno Lime Slim Hyper Strong nicotine pouches. Convenient and flavorful option for nicotine pouch users.","Experience a burst of flavor with LOOP Jalapeno Lime Slim Hyper Strong nicotine pouches. These convenient pouches deliver a powerful nicotine kick in a zesty jalapeno lime flavor. Enjoy discreet and long-lasting nicotine satisfaction anytime, anywhere. Ideal for those seeking a bold and refreshing nicotine experience. Discover the perfect balance of convenience, flavor, and nicotine delivery with LOOP nicotine pouches.",,,taxable,,1,,,0,0,,,,,1,,,,LOOP,,,https://nicotine-pouches.org/wp-content/uploads/2024/08/loop-jalapeno-lime-slim-hyper-strong-1.png,,,,,,,,,0,,,,,,7790,us,
51359,simple,,,"LOOP Smooth Mint Extra Strong",1,0,visible,"Experience extra strong nicotine satisfaction with LOOP Smooth Mint pouches. Get a refreshing mint flavor on the go with these convenient nicotine pouches.","Experience a refreshing burst of flavor and a powerful nicotine kick with LOOP Smooth Mint Extra Strong nicotine pouches. These convenient pouches offer a discreet and hassle-free way to enjoy nicotine anytime, anywhere. With a cool mint flavor and an extra strong nicotine delivery, LOOP pouches provide a satisfying experience for nicotine users on-the-go. Elevate your nicotine enjoyment with LOOP Smooth Mint Extra Strong nicotine pouches.",,,taxable,,1,,,0,0,,,,,1,,,,LOOP,,,https://nicotine-pouches.org/wp-content/uploads/2024/08/loop-smooth-mint-extra-strong-1.png,,,,,,,,,0,,,,,,7773,us,
51360,simple,,,"On! Plus Berry Slim Normal",1,0,visible,"Experience the refreshing taste of On! Plus Berry Slim Normal nicotine pouches. Convenient and discreet, enjoy nicotine without the smoke.","Enjoy the refreshing taste of On! Plus Berry Slim Normal nicotine pouches. These discreet pouches deliver a convenient and flavorful nicotine experience. With a slim design for comfort and ease of use, these pouches provide a quick nicotine delivery, perfect for on-the-go use. Experience the burst of berry flavor while satisfying your nicotine cravings anytime, anywhere. Choose On! Plus Berry for a convenient and enjoyable way to enjoy nicotine pouches.",,,taxable,,1,,,0,0,,,,,1,,,,"ON!, Uncategorized @us",,,https://nicotine-pouches.org/wp-content/uploads/2024/08/on-plus-berry-slim-normal-1.png,,,,,,,,,0,,,,,,7741,us,
51361,simple,10008,,"On! Plus Berry Slim Strong",1,0,visible,"Enjoy the convenience and bold flavor of On! Plus Berry Slim Strong nicotine pouches for a smoke-free experience anytime, anywhere.","Discover On! Plus Berry Slim Strong nicotine pouches, a convenient and flavorful way to enjoy nicotine on the go. With a satisfying berry taste and a strong nicotine delivery, these pouches provide a discreet and smoke-free experience. Experience the freedom of On! Plus pouches wherever you are.",,,taxable,,1,,,0,0,,,,,1,,,"3,39","ON!, Uncategorized @us",,,https://nicotine-pouches.org/wp-content/uploads/2024/08/on-plus-berry-slim-strong-1.png,,,,,,,,,0,,,,,,7742,us,
51362,simple,,,"On! Plus Smooth Mint Slim Strong",1,0,visible,"Experience the refreshing burst of On! Plus Smooth Mint Slim Strong nicotine pouches. Convenient and satisfying choice for nicotine pouch lovers.","Experience a burst of freshness with On! Plus Smooth Mint Slim Strong nicotine pouches. These discreet pouches offer convenience on-the-go and a satisfying mint flavor. Delivering a strong nicotine kick without tobacco, they are a perfect choice for those seeking a quick and clean nicotine experience. Discover the perfect balance of flavor and strength with On! Plus Smooth Mint nicotine pouches.",,,taxable,,1,,,0,0,,,,,1,,,,"ON!, Uncategorized @us",,,https://nicotine-pouches.org/wp-content/uploads/2024/08/on-plus-smooth-mint-slim-strong-1.png,,,,,,,,,0,,Flavor,,1,1,7743,us,
51363,simple,,,"On! Plus Citrus Slim Strong",1,0,visible,"Enjoy the refreshing taste of On! Plus Citrus Slim Strong nicotine pouches. Convenient and discreet, perfect for on-the-go nicotine satisfaction.","Experience the refreshing burst of Citrus with On! Plus Citrus Slim Strong nicotine pouches. Enjoy the convenience of discreet pouches delivering a strong nicotine kick. With no smoke or spit, savor the citrus flavor wherever you go. Elevate your nicotine experience with On! Plus Citrus pouches.",,,taxable,,1,,,0,0,,,,,1,,,,"ON!, Uncategorized @us",,,https://nicotine-pouches.org/wp-content/uploads/2024/08/on-plus-citrus-slim-strong-1.png,,,,,,,,,0,,,,,,7744,us,
51376,simple,,,"On! Plus Smooth Mint Slim Normal",1,0,visible,"Experience refreshing satisfaction with On! Plus Smooth Mint Slim Normal nicotine pouches. Enjoy discreet convenience anytime, anywhere.","Enjoy a refreshing nicotine experience with On! Plus Smooth Mint Slim Normal nicotine pouches. These pouches offer a convenient and discreet way to get your nicotine fix without the need for smoke or vapor. The smooth mint flavor provides a refreshing burst while the slim design ensures a comfortable fit. Experience convenient nicotine delivery anytime, anywhere with On! Plus nicotine pouches.",,,taxable,,1,,,0,0,,,,,1,,,,"ON!, Uncategorized @us",,,https://nicotine-pouches.org/wp-content/uploads/2024/08/on-plus-smooth-mint-slim-normal-1.png,,,,,,,,,0,,,,,,7739,us,
51377,simple,,,"On! Plus Citrus Slim Normal",1,0,visible,"Enjoy a citrus burst with On! Plus Citrus Slim Normal nicotine pouches. Convenient and discreet, these nicotine pouches offer a flavorful way to satisfy cravings.","Experience a burst of refreshing citrus with On! Plus Citrus Slim Normal nicotine pouches. These pouches offer the convenience of discreet, smoke-free nicotine delivery anytime, anywhere. Enjoy a long-lasting flavor sensation while satisfying your nicotine cravings. Elevate your experience with On! Plus Citrus Slim Normal nicotine pouches.",,,taxable,,1,,,0,0,,,,,1,,,,"ON!, Uncategorized @us",,,https://nicotine-pouches.org/wp-content/uploads/2024/08/on-plus-citrus-slim-normal-1.png,,,,,,,,,0,,,,,,7740,us,
51380,simple,,,"Velo Ruby Berry 10MG Slim Extra Strong",1,0,visible,"""Experience a burst of flavor with Velo Ruby Berry 10MG Slim Extra Strong nicotine pouches. Convenient and satisfying alternative to smoking.""","Experience the convenience of Velo Ruby Berry 10MG Slim Extra Strong nicotine pouches. With a burst of refreshing berry flavor, these pouches deliver a satisfying nicotine kick. Perfect for on-the-go use, they offer a discrete and flavorful alternative to traditional tobacco products. Try Velo Ruby Berry for a convenient and enjoyable nicotine experience.",,,taxable,,1,,,0,0,,,,,1,,"4,088",,Velo,,,https://nicotine-pouches.org/wp-content/uploads/2024/08/velo-ruby-berry-10mg-slim-extra-strong-1.png,,,,,,,,,0,,,,,,2816,us,
51381,simple,VELO-RVMNPBV-2830,,"Velo Royal Violet",1,0,visible,"""Enjoy the rich flavor and convenience of Velo Royal Violet nicotine pouches. Experience a smooth and satisfying way to enjoy nicotine anytime, anywhere.""","Experience a burst of flavor and convenience with Velo Royal Violet nicotine pouches. These pouches deliver a smooth and satisfying nicotine experience in a discreet and easy-to-use format. Enjoy the royal violet flavor while getting your nicotine fix anytime, anywhere. Elevate your experience with Velo nicotine pouches.",,,taxable,,1,,,0,0,,,,,1,,"4,088",,Velo,,,https://nicotine-pouches.org/wp-content/uploads/2024/08/velo-royal-violet-mini-1.png,,,,,,,,,0,,,,,,2830,us,
51382,simple,,,"Velo Ice Cool Strong",1,0,visible,"Stay cool and refreshed with Velo Ice Cool Strong nicotine pouches. Experience a convenient and gradual release of nicotine anytime, anywhere.","Enjoy a refreshing and convenient nicotine experience with Velo Ice Cool Strong nicotine pouches. Available in various flavors, these pouches deliver a strong nicotine kick without tobacco. Perfect for on-the-go use, Velo pouches offer a discreet and smoke-free alternative. Try Velo Ice Cool Strong for a cool and satisfying nicotine experience.",,,taxable,,1,,,0,0,,,,,1,,,,Velo,,,https://nicotine-pouches.org/wp-content/uploads/2024/08/velo-ice-cool-strong-1.png,,,,,,,,,0,,,,,,2832,us,
51383,simple,,,"Velo Urban Vibe 6mg",1,0,visible,"Enjoy a boost of energy on-the-go with Velo Urban Vibe 6mg nicotine pouches. Convenient and discreet for your urban lifestyle.","Experience the perfect balance of freshness and convenience with Velo Urban Vibe 6mg nicotine pouches. Indulge in a burst of flavor while enjoying discreet nicotine delivery. Ideal for on-the-go lifestyles, these pouches offer a hassle-free alternative to traditional tobacco products. Dive into a world of flavored satisfaction with Velo nicotine pouches.",,,taxable,,1,,,0,0,,,,,1,,,,Velo,,,https://nicotine-pouches.org/wp-content/uploads/2024/08/velo-urban-vibe-6mg-1.png,,,,,,,,,0,,,,,,2834,us,
51384,simple,,,"Velo Freeze X-Strong",1,0,visible,"Enjoy the intense kick of Velo Freeze X-Strong nicotine pouches. Stay refreshed and satisfied with these convenient, tobacco-free pouches.","Experience a chill with Velo Freeze X-Strong nicotine pouches. These pouches offer a convenient and discreet way to enjoy a burst of icy freshness and intense nicotine delivery. Available in a variety of delicious flavors, these nicotine pouches are perfect for users seeking a strong yet satisfying experience. Say goodbye to smoke and hello to a refreshing and flavorful alternative with Velo Freeze X-Strong nicotine pouches.",,,taxable,,1,,,0,0,,,,,1,,,,Velo,,,https://nicotine-pouches.org/wp-content/uploads/2024/08/velo-freeze-x-strong-1.png,,,,,,,,,0,,,,,,2852,us,
51385,simple,,,"Velo Ruby Berry Slim Normal",1,0,visible,"Experience the delicious taste of Velo Ruby Berry Slim Normal nicotine pouches - convenient and satisfying for on-the-go enjoyment.","Try Velo Ruby Berry Slim Normal nicotine pouches for a convenient and flavorful nicotine delivery. These pouches offer a refreshing berry taste while providing a satisfying nicotine experience. With Velo, enjoy discreet and easy-to-use pouches for on-the-go enjoyment.",,,taxable,,1,,,0,0,,,,,1,,,,Velo,,,https://nicotine-pouches.org/wp-content/uploads/2024/06/velo-ruby-berry-slim-normal.webp,,,,,,,,,0,,,,,,2664,us,
51386,simple,,,"Velo Cooling Storm 10.9 mg",1,0,visible,"Stay cool with Velo Cooling Storm 10.9mg nicotine pouches. Enjoy a refreshing burst of flavor anywhere, anytime with these convenient pouches.","Experience a refreshing burst with Velo Cooling Storm 10.9 mg nicotine pouches. Convenient and discreet, these pouches deliver a crisp menthol flavor and satisfying nicotine kick. Perfect for on-the-go use, Velo Cooling Storm provides a quick and enjoyable nicotine experience wherever you are. Try these nicotine pouches for a convenient and flavorful option.",,,taxable,,1,,,0,0,,,,,1,,,,Velo,,,https://nicotine-pouches.org/wp-content/uploads/2024/08/velo-cooling-storm-10-9-mg-1.png,,,,,,,,,0,,,,,,2924,us,
51387,simple,,,"Velo Tropical Breeze",1,0,visible,"Experience the refreshing breeze with Velo Tropical Breeze nicotine pouches. Convenient, tropical flavor for on-the-go relaxation.","Experience the refreshing taste of Velo Tropical Breeze nicotine pouches. Enjoy the convenience and discreetness these pouches offer, delivering a burst of tropical flavor and smooth nicotine satisfaction. Elevate your experience with Velo's flavorful blend, perfect for on-the-go use anywhere, anytime. Shop now for a delightful nicotine experience.",,,taxable,,1,,,0,0,,,,,1,,,,Velo,,,https://nicotine-pouches.org/wp-content/uploads/2024/06/velo-tropical-breeze-6mg.webp,,,,,,,,,0,,,,,,2690,us,
51388,simple,,,"Velo Citrus Mint 10mg",1,0,visible,"Enjoy the refreshing blend of citrus and mint with Velo Citrus Mint 10mg nicotine pouches. Convenient, discreet, and nicotine satisfaction on the go.","Experience the refreshing blend of citrus and mint with Velo Citrus Mint 10mg nicotine pouches. Convenient and discreet, these pouches deliver a smooth nicotine hit without the need for smoke or vapor. Perfect for on-the-go use, they offer a refreshing burst of flavor while satisfying your nicotine cravings. Choose Velo for a convenient and flavorful nicotine experience anytime, anywhere.",,,taxable,,1,,,0,0,,,,,1,,,,Velo,,,https://nicotine-pouches.org/wp-content/uploads/2024/08/velo-citrus-mint-10mg-1.png,,,,,,,,,0,,,,,,2958,us,
51389,simple,,,"Velo Watermelon Mint 10mg",1,0,visible,"Enjoy the refreshing fusion of watermelon and mint with Velo 10mg Nicotine Pouches. Convenient and discreet for a satisfying experience anytime.","Enhance your vaping experience with Velo Watermelon Mint 10mg nicotine pouches. Enjoy the refreshing blend of watermelon and mint flavors while relishing the convenience of these discreet pouches. Get a quick nicotine hit anytime, anywhere with these smoke-free pouches. With Velo, flavor meets portability for a satisfying and convenient nicotine delivery. Experience a burst of freshness with Velo nicotine pouches!",,,taxable,,1,,,0,0,,,,,1,,,,Velo,,,https://nicotine-pouches.org/wp-content/uploads/2024/08/velo-watermelon-mint-10mg-1.png,,,,,,,,,0,,,,,,2960,us,
51390,simple,,,"Velo Lime Flame",1,0,visible,"Experience the zesty kick of Velo Lime Flame nicotine pouches for a refreshing burst of flavor on the go. Fast, discreet, and satisfying.","Experience a burst of refreshing lime flavor with Velo Lime Flame nicotine pouches. Convenient and discreet, these pouches deliver a quick nicotine hit anytime, anywhere. Say goodbye to tobacco with these smoke-free pouches that offer a hassle-free way to satisfy your cravings. Discover the ultimate convenience and bold flavor with Velo Lime Flame nicotine pouches.",,,taxable,,1,,,0,0,,,,,1,,,,Velo,,,https://nicotine-pouches.org/wp-content/uploads/2024/08/unumtlEFm49I1QQHWDX7ZyJvydB4oNoNtaIj9iKp.webp,,,,,,,,,0,,,,,,2962,us,
51391,simple,,,"Velo Cinnamon Flame 10mg",1,0,visible,"Get the Velo Cinnamon Flame 10mg nicotine pouches for a flavorful and convenient way to enjoy nicotine on-the-go. Ideal for nicotine pouch lovers!","Experience the smooth blend of cinnamon with a fiery kick in Velo Cinnamon Flame 10mg nicotine pouches. Convenient and discreet, these pouches offer a delicious flavor profile while delivering a satisfying nicotine hit. Elevate your experience with Velo's innovative approach to nicotine enjoyment.",,,taxable,,1,,,0,0,,,,,1,,,,Velo,,,https://nicotine-pouches.org/wp-content/uploads/2024/06/velo-cinnamon-flame-10mg.webp,,,,,,,,,0,,,,,,2964,us,
51392,simple,,,"Velo Ruby Berry Mini",1,0,visible,"Enjoy the flavor of Velo Ruby Berry Mini nicotine pouches - a convenient and flavorful way to satisfy your cravings on-the-go.","Enjoy the convenience and bold flavors of Velo Ruby Berry Mini nicotine pouches. These pouches deliver a smooth nicotine experience in a discreet and easy-to-use format. With a burst of refreshing berry flavor, Velo pouches offer a convenient and satisfying alternative to traditional tobacco products. Upgrade your nicotine delivery with Velo Ruby Berry for a flavorful and enjoyable experience on the go.",,,taxable,,1,,,0,0,,,,,1,,,,Velo,,,https://nicotine-pouches.org/wp-content/uploads/2024/06/velo-ruby-berry-mini-8mg.webp,,,,,,,,,0,,,,,,2722,us,
51395,simple,,,"Klint Lavender Mini",1,0,visible,"Experience the convenience of Klint Lavender Mini nicotine pouches for a refreshing and discreet way to enjoy nicotine on the go.","Experience a burst of refreshing lavender with Klint Lavender Mini nicotine pouches. Convenient and discreet, these pouches deliver a satisfying nicotine kick without tobacco. Available in a variety of flavors, they offer a convenient and discreet way to enjoy nicotine. Try Klint Lavender Mini for a portable, smoke-free experience anytime, anywhere.",,,taxable,,1,,,0,0,,,,,1,,,,KLINT,,,https://nicotine-pouches.org/wp-content/uploads/2024/03/Lavender_Mini_Nicotine_Pouches_by_Klint_16MG_2048x2048.jpg,,,,,,,,,0,,,,,,3004,us,
51396,simple,,,"KURWA Frost Ice Collection",1,0,visible,"Discover the refreshing KURWA Frost Ice Collection nicotine pouches for a cool and convenient nicotine experience on the go.","Experience a refreshing blast with KURWA Frost Ice Collection nicotine pouches. Enjoy the convenience of discreet nicotine delivery in various invigorating flavors. Elevate your experience with a cool sensation that lasts. Discover a new way to enjoy nicotine pouches with KURWA Frost Ice Collection.",,,taxable,,1,,,0,0,,,,,1,,,,KURWA,,,https://nicotine-pouches.org/wp-content/uploads/2024/03/Frost_Ice_Collection_Nicotine_Pouches_by_KURWA_19.6MG_2048x2048.jpg,,,,,,,,,0,,,,,,3002,us,
51397,simple,,,"77 Liquorice & Citrus VB Edition",1,0,visible,"For 77 Liquorice & Citrus VB Edition:<br />\n<br />\nCompare prices on 77 Liquorice & Citrus VB Edition at various retailers to ensure you're getting the best value. Check online shops, local stores, and specialty shops to find the lowest price. By doing a quick price comparison, you can save money and make sure you’re getting the best deal on your nicotine pouches. Don't miss out on potential discounts or promotions that can help you save even more.","Experience a flavorful twist with 77 Liquorice & Citrus VB Edition nicotine pouches. These convenient pouches deliver a refreshing blend of liquorice and citrus flavors along with a satisfying nicotine kick. Enjoy the convenience and discreetness of nicotine pouches anytime, anywhere. Elevate your vaping experience with these unique and flavorful pouches.",,,taxable,,1,,,0,0,,,,,1,,,,77,,,https://nicotine-pouches.org/wp-content/uploads/2024/03/Liquorice_Citrus_VB_Edition_Nicotine_Pouches_By_77_20MG_2048x2048.jpg,,,,,,,,,0,,,,,,3000,us,
51398,simple,,,"Pablo Cappuccino",1,0,visible,"Enjoy a burst of rich coffee flavor with Pablo Cappuccino nicotine pouches. Perfect for a quick and discreet nicotine fix on the go.","Try the Pablo Cappuccino nicotine pouches for a delicious coffee-flavored nicotine experience. These convenient pouches offer a discreet way to enjoy nicotine without smoke or vapor. With a rich cappuccino taste, they provide a smooth nicotine delivery. Say goodbye to smoke breaks and enjoy your nicotine on-the-go with these flavor-packed pouches.",,,taxable,,1,,,0,0,,,,,1,,,,PABLO,,,https://nicotine-pouches.org/wp-content/uploads/2024/03/pablo-pablo-exclusive-cappuccino.webp,,,,,,,,,0,,,,,,2998,us,
